Term	Overlap	P.value	Adjusted.P.value	Odds.Ratio	Combined.Score	Genes	Rank	Database
Amyotrophic lateral sclerosis	86/364	2.38338806527056e-31	6.60198494079945e-29	5.62852240201973	396.876203789145	PSMC4;PSMC5;PSMC3;BAX;PFN1;OPTN;UQCR10;UQCR11;ACTB;PSMD7;PSMD8;PSMD4;PSMD2;COX8A;COX7A2L;TUBB;COX6C;COX7C;COX7B;ACTR1B;COX6B1;PSMA6;PSMA7;PSMA5;HNRNPA2B1;PSMA2;NDUFAB1;PSMA1;COX5A;NDUFA13;NDUFA11;COX5B;PSMB7;PSMB6;PSMB3;PSMB4;PSMB1;PSMB2;ANXA7;RAC1;SDHC;UQCRQ;SRSF3;SQSTM1;SRSF7;NDUFB11;TANK;COX6A1;NDUFV2;MAP2K3;BCL2L1;VCP;ACTG1;COX7A2;TPR;NDUFC1;TNFRSF1B;NDUFS8;NDUFS7;NDUFS6;NDUFS5;BCL2;NDUFB9;PSMD13;NDUFB8;NDUFB4;NDUFB3;NDUFB2;NDUFB1;UQCRFS1;CASP1;NDUFA7;NDUFA6;ADRM1;NDUFA4;NDUFA3;NDUFA2;NDUFA1;ANXA11;SOD1;MATR3;VDAC1;DCTN3;DCTN2;HNRNPA3;HNRNPA1	1	KEGG_2021_Human
Parkinson disease	70/249	1.06879709795452e-30	1.48028398066701e-28	7.04286997058839	486.035633222836	PSMC4;PSMC5;PSMC3;BAX;CALM2;CALM3;CALM1;UQCR10;UQCR11;UBE2L6;PSMD7;PSMD8;PSMD4;PSMD2;COX8A;COX7A2L;TXN;TUBB;COX6C;COX7C;COX7B;COX6B1;PSMA6;PSMA7;PSMA5;PSMA2;NDUFAB1;PSMA1;COX5A;NDUFA13;NDUFA11;COX5B;PSMB7;PSMB6;PSMB3;PSMB4;PSMB1;PSMB2;SDHC;UQCRQ;NDUFB11;PARK7;COX6A1;NDUFV2;BCL2L1;COX7A2;UBC;NDUFC1;NDUFS8;NDUFS7;NDUFS6;NDUFS5;NDUFB9;PSMD13;NDUFB8;NDUFB4;NDUFB3;NDUFB2;NDUFB1;UQCRFS1;NDUFA7;NDUFA6;ADRM1;NDUFA4;NDUFA3;NDUFA2;NDUFA1;VDAC3;VDAC2;VDAC1	2	KEGG_2021_Human
Huntington disease	76/306	2.50183404221875e-29	2.31002676564865e-27	5.96925796540258	393.123054520997	PSMC4;PSMC5;PSMC3;BAX;UQCR10;UQCR11;PSMD7;PSMD8;PSMD4;PSMD2;COX8A;COX7A2L;TUBB;COX6C;COX7C;COX7B;CLTB;CLTA;ACTR1B;COX6B1;PSMA6;PSMA7;PSMA5;PSMA2;NDUFAB1;PSMA1;COX5A;NDUFA13;NDUFA11;COX5B;PSMB7;PSMB6;PSMB3;PSMB4;PSMB1;PSMB2;SDHC;UQCRQ;NDUFB11;COX6A1;NDUFV2;COX7A2;AP2M1;NDUFC1;NDUFS8;NDUFS7;NDUFS6;NDUFS5;NDUFB9;PSMD13;NDUFB8;NDUFB4;NDUFB3;NDUFB2;NDUFB1;UQCRFS1;NDUFA7;NDUFA6;ADRM1;NDUFA4;NDUFA3;NDUFA2;NDUFA1;SOD1;VDAC3;VDAC2;VDAC1;DCTN3;DCTN2;POLR2C;POLR2E;POLR2G;POLR2I;POLR2J;POLR2K;POLR2L	3	KEGG_2021_Human
Prion disease	69/273	3.28856740350819e-27	2.27733292692942e-25	6.0775028280543	370.602144610982	PSMC4;PSMC5;PSMC3;BAX;UQCR10;UQCR11;PSMD7;PSMD8;PSMD4;PSMD2;COX8A;COX7A2L;CSNK2B;TUBB;COX6C;COX7C;COX7B;COX6B1;PSMA6;PSMA7;PSMA5;PSMA2;NDUFAB1;PSMA1;COX5A;NDUFA13;NDUFA11;COX5B;PSMB7;PSMB6;PSMB3;PSMB4;PSMB1;PSMB2;RAC1;RAC2;SDHC;UQCRQ;NDUFB11;COX6A1;NDUFV2;PRNP;NCF4;COX7A2;HSPA8;NDUFC1;NDUFS8;NDUFS7;NDUFS6;NDUFS5;NDUFB9;PSMD13;NDUFB8;NDUFB4;NDUFB3;NDUFB2;NDUFB1;UQCRFS1;NDUFA7;NDUFA6;ADRM1;NDUFA4;NDUFA3;NDUFA2;NDUFA1;SOD1;VDAC3;VDAC2;VDAC1	4	KEGG_2021_Human
Pathways of neurodegeneration	87/475	2.22847273761663e-23	1.23457389663961e-21	4.05955827465854	211.739011503235	PSMC4;PSMC5;PSMC3;BAX;OPTN;PSMD7;PSMD8;PSMD4;PSMD2;CSNK1A1;COX6B1;PSMA6;PSMA7;PSMA5;PSMA2;PSMA1;NDUFA13;NDUFA11;PSMB7;PSMB6;PSMB3;PSMB4;PSMB1;PSMB2;UQCRQ;SQSTM1;CSF1;PARK7;TANK;MAP2K3;BCL2L1;NDUFC1;TNFRSF1B;BCL2;NDUFB9;NDUFB8;NDUFB4;NDUFB3;NDUFB2;NDUFB1;NDUFA7;NDUFA6;ADRM1;NDUFA4;NDUFA3;NDUFA2;NDUFA1;HSD17B10;CALM2;CALM3;CALM1;UQCR10;UQCR11;UBE2L6;COX8A;COX7A2L;CSNK2B;TUBB;COX6C;COX7C;COX7B;ACTR1B;NDUFAB1;COX5A;COX5B;RAC1;SDHC;FAS;NDUFB11;COX6A1;NDUFV2;PRNP;VCP;COX7A2;UBC;NDUFS8;NDUFS7;NDUFS6;NDUFS5;PSMD13;UQCRFS1;SOD1;VDAC3;VDAC2;VDAC1;DCTN3;DCTN2	5	KEGG_2021_Human
Proteasome	26/46	3.18728697637515e-21	1.47146415409319e-19	22.6521698984303	1069.07180584157	ADRM1;PSMB9;PSMA6;PSMA7;PSMA5;PSMA2;PSMC4;PSMC5;PSMA1;PSMC3;PSME2;PSME1;PSMD13;PSMB10;PSMB7;PSMB8;PSMD7;PSMB6;PSMD8;PSMB3;PSMB4;PSMB1;PSMB2;PSMD4;PSMD2;PSMF1	6	KEGG_2021_Human
Oxidative phosphorylation	42/133	4.93906490295498e-21	1.95445854016933e-19	8.13207411145556	380.232291324315	PPA1;SDHC;UQCRQ;NDUFB11;UQCR10;UQCR11;COX6A1;NDUFV2;COX8A;COX7A2L;COX17;COX7A2;NDUFC1;COX6C;NDUFS8;NDUFS7;NDUFS6;NDUFS5;COX7C;NDUFB9;COX7B;NDUFB8;NDUFB4;NDUFB3;NDUFB2;NDUFB1;UQCRFS1;ATP6V1G1;ATP6V0E1;ATP6V0E2;NDUFA7;NDUFA6;NDUFA4;NDUFA3;NDUFA2;NDUFA1;COX6B1;NDUFAB1;COX5A;NDUFA13;NDUFA11;COX5B	7	KEGG_2021_Human
Alzheimer disease	70/369	6.95903263690806e-20	2.40956505052942e-18	4.18926096291456	184.795261045902	PSMC4;PSMC5;PSMC3;CALM2;CALM3;CALM1;UQCR10;UQCR11;PSMD7;PSMD8;PSMD4;PSMD2;COX8A;COX7A2L;CSNK2B;CSNK1A1;TUBB;COX6C;COX7C;COX7B;COX6B1;PSMA6;PSMA7;PSMA5;PSMA2;NDUFAB1;PSMA1;COX5A;NDUFA13;NDUFA11;COX5B;PSMB7;PSMB6;PSMB3;PSMB4;PSMB1;PSMB2;SDHC;FAS;UQCRQ;NDUFB11;CSF1;COX6A1;NDUFV2;COX7A2;NDUFC1;NDUFS8;NDUFS7;NDUFS6;NDUFS5;NDUFB9;PSMD13;NDUFB8;NDUFB4;NDUFB3;NDUFB2;NDUFB1;UQCRFS1;NDUFA7;NDUFA6;ADRM1;NDUFA4;NDUFA3;NDUFA2;NDUFA1;VDAC3;VDAC2;VDAC1;GAPDH;HSD17B10	8	KEGG_2021_Human
Non-alcoholic fatty liver disease	43/155	4.38955944150437e-19	1.35100885032968e-17	6.763409608684	285.888565979814	SDHC;FAS;UQCRQ;BAX;NDUFB11;UQCR10;UQCR11;COX6A1;BCL2L11;NDUFV2;COX8A;COX7A2L;COX7A2;NDUFC1;COX6C;NDUFS8;NDUFS7;NDUFS6;NDUFS5;COX7C;NDUFB9;COX7B;NDUFB8;NDUFB4;NDUFB3;NDUFB2;NDUFB1;SOCS3;UQCRFS1;NDUFA7;NDUFA6;NDUFA4;NDUFA3;NDUFA2;NDUFA1;COX6B1;CDC42;NDUFAB1;COX5A;NDUFA13;NDUFA11;COX5B;RAC1	9	KEGG_2021_Human
Epstein-Barr virus infection	49/202	7.38649676736239e-19	2.04605960455938e-17	5.66137624861265	236.359419323079	ENTPD1;PSMC4;PSMC5;PSMC3;BAX;PSMD7;PSMD8;PSMD4;PSMD2;B2M;GADD45A;GADD45G;HLA-C;HLA-A;HLA-G;HLA-F;RBPJ;CALR;CD3G;CD3E;CD3D;STAT1;STAT3;DDB2;CD44;CDKN1B;RAC1;CD58;JAK3;JAK1;TAP1;FAS;RELB;BCL2L11;CCND2;MAP2K3;ISG15;NFKB2;IFNAR2;OAS1;NFKBIA;CDK6;BCL2;IRF9;CD247;PSMD13;TRADD;TNFAIP3;ADRM1	10	KEGG_2021_Human
Diabetic cardiomyopathy	49/203	9.22800962793329e-19	2.32378060630684e-17	5.62431389365352	233.560170929329	UQCR10;UQCR11;COX8A;COX7A2L;COX6C;COX7C;COX7B;PARP1;COX6B1;NDUFAB1;COX5A;NDUFA13;NDUFA11;COX5B;RAC1;RAC2;SDHC;PPP1CA;UQCRQ;NDUFB11;COX6A1;PPP1CC;NDUFV2;NCF4;COX7A2;MPC2;NDUFC1;NDUFS8;NDUFS7;NDUFS6;NDUFS5;NDUFB9;NDUFB8;NDUFB4;NDUFB3;NDUFB2;NDUFB1;UQCRFS1;NDUFA7;NDUFA6;NDUFA4;NDUFA3;NDUFA2;NDUFA1;TBC1D4;VDAC3;VDAC2;VDAC1;GAPDH	11	KEGG_2021_Human
Thermogenesis	47/232	6.91178576549695e-15	1.59547054753555e-13	4.47489184099354	145.906302320412	SMARCA2;UQCR10;UQCR11;ACTB;COX8A;COX7A2L;NDUFAF3;COX6C;COX7C;COX7B;COX6B1;NDUFAB1;COX5A;NDUFA13;NDUFA11;COX5B;SDHC;UQCRQ;COX20;NDUFB11;COX6A1;NDUFV2;MAP2K3;COX17;COX16;ACTG1;COX7A2;COX14;COA3;NDUFC1;NDUFS8;NDUFS7;NDUFS6;NDUFS5;NDUFB9;NDUFB8;NDUFB4;NDUFB3;NDUFB2;NDUFB1;UQCRFS1;NDUFA7;NDUFA6;NDUFA4;NDUFA3;NDUFA2;NDUFA1	12	KEGG_2021_Human
Measles	30/139	1.03406117686032e-10	2.20334573838698e-09	4.7908784042309	110.153586567494	MX1;FAS;BAX;SLAMF1;IL2RG;CCND2;CSNK2B;BCL2L1;IFNAR2;HSPA8;OAS1;NFKBIA;CDK6;BCL2;CD28;IRF9;TRADD;TNFAIP3;CD3G;CD3E;CD3D;STAT1;STAT3;IL2RA;IL2RB;EIF3H;RAB9A;CDKN1B;JAK3;JAK1	13	KEGG_2021_Human
Th17 cell differentiation	26/107	1.13887803934394e-10	2.25335154927336e-09	5.57504873294347	127.645241634617	RUNX1;FOXP3;CD4;IL6ST;IL21R;IL2RG;IL27RA;IL12RB1;GATA3;RORA;NFKBIA;IRF4;CD247;LAT;CD3G;CD3E;CD3D;STAT1;STAT3;LCK;IL2RA;IL2RB;IL21;HSP90AB1;JAK3;JAK1	14	KEGG_2021_Human
Spliceosome	31/150	1.61890384719307e-10	2.98957577114988e-09	4.53634960477698	102.267926597572	HNRNPK;SRSF3;SRSF4;HNRNPC;SNRPG;SRSF7;SNRPE;SNRPB;SNRPC;SF3B5;SNRPD3;SNRPD1;SF3B1;LSM2;LSM4;LSM7;DDX5;PCBP1;ZMAT2;SNRNP70;CCDC12;HSPA8;SYF2;RBM8A;U2AF1L4;SF3A1;PUF60;SNRPB2;HNRNPA3;SMNDC1;HNRNPA1	15	KEGG_2021_Human
Salmonella infection	40/249	1.2189444533415e-09	2.11029758484748e-08	3.34471692455051	68.6512532530673	BAX;PFN1;LEF1;MYL12B;ACTB;MYL12A;TXN;SKP1;RHOA;TUBB;RHOH;RHOG;PTPRC;ARF1;ARPC1B;ACTR1B;SNX9;DYNC1I2;DYNLL1;RAB9A;ARF6;RAC1;MAP2K3;ARPC3;ARPC2;DYNLRB1;BIRC3;ACTG1;ACTR3;NFKBIA;BCL2;TRADD;BRK1;CASP1;CDC42;DYNLT1;GAPDH;DCTN3;HSP90AB1;DCTN2	16	KEGG_2021_Human
Human immunodeficiency virus 1 infection	35/212	6.34573823790849e-09	1.03398205405921e-07	3.4455386169239	65.0362034981348	CD4;BAX;CALM2;CALM3;CALM1;RNF7;GNG2;GNG5;GNG8;B2M;HLA-C;HLA-A;HLA-G;HLA-F;SKP1;BST2;CALR;CD3G;CD3E;CD3D;RAC1;RAC2;TAP1;RBX1;FAS;PAK2;CFL1;MAP2K3;GNB2;BCL2L1;TNFRSF1B;NFKBIA;BCL2;CD247;TRADD	17	KEGG_2021_Human
Human T-cell leukemia virus 1 infection	35/219	1.50292497582105e-08	2.31283454612462e-07	3.31321856529836	59.6818924707125	IL1R2;CD4;BAX;RAN;IL2RG;B2M;HLA-C;HLA-A;HLA-G;HLA-F;ANAPC11;CALR;CD3G;CD3E;CD3D;RANBP1;JAK3;JAK1;GPS2;RELB;CCND2;PTTG1;FDPS;NFKB2;BCL2L1;ETS1;NFKBIA;LCK;IL2RA;IL2RB;LTA;VDAC3;VDAC2;VDAC1;BUB3	18	KEGG_2021_Human
Viral carcinogenesis	33/203	2.52299448618945e-08	3.67826038249725e-07	3.37739448939427	59.0883077794206	ACTN4;HNRNPK;BAX;SP100;HLA-C;HLA-A;HLA-G;HLA-F;RBPJ;RHOA;RANBP1;STAT3;CDKN1B;RAC1;JAK3;JAK1;IL6ST;CCND2;TRAF1;NFKB2;PMAIP1;NFKBIA;CDK6;IRF9;YWHAE;YWHAB;TRADD;YWHAQ;YWHAH;YWHAZ;CDC42;PKM;VDAC3	19	KEGG_2021_Human
Shigellosis	37/246	3.07139396206533e-08	4.25388063746048e-07	3.08520495608084	53.3695698053793	ACTN4;FNBP1;BAX;PFN1;TIFA;MYL12B;ACTB;MYL12A;SKP1;RHOA;ARF1;ARPC1B;HCLS1;ARF6;CD44;RAC1;RBX1;SQSTM1;UBE2N;UBE2D3;UBE2D2;ARPC3;ARPC2;BCL2L1;ACTG1;UBC;ACTR3;CBX3;TNIP1;NFKBIA;BCL2;TRADD;U2AF1L4;CASP1;CDC42;VDAC1;ITGB1	20	KEGG_2021_Human
Necroptosis	28/159	4.98623931516497e-08	6.57708709666998e-07	3.70931636666643	62.3684407991362	PPIA;FAS;BAX;CHMP4A;SQSTM1;CHMP2A;CHMP7;BIRC3;IFNAR2;CFLAR;GLUD1;CYLD;BCL2;IRF9;TRADD;TNFAIP3;HMGB1;CASP1;STAT1;STAT3;PARP1;STAT4;VDAC3;VDAC2;VDAC1;HSP90AB1;JAK3;JAK1	21	KEGG_2021_Human
Spinocerebellar ataxia	26/143	7.64879999038075e-08	9.63053453334303e-07	3.8522622345337	63.1236773674422	PSMC4;PSMC5;PSMC3;PSMD7;PSMD8;PSMD4;PSMD2;RORA;RBPJ;PSMD13;ADRM1;PSMA6;PSMA7;PSMA5;ATXN10;PSMA2;PSMA1;VDAC3;VDAC2;VDAC1;PSMB7;PSMB6;PSMB3;PSMB4;PSMB1;PSMB2	22	KEGG_2021_Human
Retrograde endocannabinoid signaling	26/148	1.56226623697618e-07	1.88151194627131e-06	3.69339872545903	57.8827903226125	NDUFB11;GNG2;GNG5;GNG8;NDUFV2;GNB2;NDUFC1;NDUFS8;NDUFS7;NDUFS6;NDUFS5;NDUFB9;NDUFB8;NDUFB4;NDUFB3;NDUFB2;NDUFB1;NDUFA7;NDUFA6;NDUFA4;NDUFA3;NDUFA2;NDUFA1;NDUFAB1;NDUFA13;NDUFA11	23	KEGG_2021_Human
Endocytosis	36/252	1.76543471634817e-07	2.03760590178518e-06	2.90074557315937	45.1057196467687	VPS28;IL2RG;RAB11FIP1;HLA-C;HLA-A;STAM;HLA-G;HLA-F;RHOA;ARF5;ARF1;ARPC1B;CLTB;CLTA;SNX5;EPS15;SNX6;RAB11B;ARF6;CAPZA2;CHMP4A;ACAP1;ARPC3;ARPC2;CHMP2A;CHMP7;SH3KBP1;AP2M1;ACTR3;HSPA8;CAPZB;CDC42;SMAP1;IL2RA;IL2RB;WIPF1	24	KEGG_2021_Human
NF-kappa B signaling pathway	21/104	2.16022089419109e-07	2.30146610650358e-06	4.3737597448618	67.1279623194546	UBE2I;RELB;GADD45A;GADD45G;TRAF1;NFKB2;CSNK2B;BCL2L1;BIRC3;CFLAR;NFKBIA;CYLD;BCL2;LAT;TRADD;TNFAIP3;PARP1;LCK;LTB;LTA;CD40LG	25	KEGG_2021_Human
T cell receptor signaling pathway	21/104	2.16022089419109e-07	2.30146610650358e-06	4.3737597448618	67.1279623194546	CD4;PDCD1;PAK2;RASGRP1;RHOA;IL10;NFKBIA;PTPRC;CD28;LCP2;CD247;ITK;LAT;CD3G;CD3E;CD3D;CTLA4;ICOS;CDC42;LCK;CD40LG	25	KEGG_2021_Human
Yersinia infection	24/137	4.8983791385912e-07	5.02537415329541e-06	3.67580441254435	53.4064654493617	CD4;ACTB;MAP2K3;ARPC3;ARPC2;ACTG1;ACTR3;RHOA;IL10;ITGA4;RHOG;NFKBIA;LCP2;LAT;ARHGEF1;ARPC1B;CASP1;CDC42;LCK;ARF6;ITGB1;WIPF1;RAC1;RAC2	27	KEGG_2021_Human
Th1 and Th2 cell differentiation	19/92	5.61625044570605e-07	5.55607633378777e-06	4.49342717104436	64.6713422660985	NFKBIA;CD4;CD247;LAT;CD3G;IL2RG;CD3E;CD3D;IL12RB1;STAT1;STAT4;MAF;LCK;IL2RA;IL2RB;GATA3;RBPJ;JAK3;JAK1	28	KEGG_2021_Human
Pathways in cancer	57/531	1.38845412565326e-06	1.32621307864122e-05	2.10523054338932	28.3939171062184	EML4;BAX;LEF1;GNG2;GNG5;GNG8;STAT1;STAT3;STAT4;DDB2;CDKN1B;JAK3;JAK1;TPM3;RBX1;IL6ST;BCL2L11;IL12RB1;TRAF1;NFKB2;BCL2L1;BIRC3;IFNAR2;TPR;PIM2;PIM1;CDK6;BCL2;RALGDS;CDC42;IL2RA;IL2RB;ITGB1;HSP90AB1;RUNX1;CALM2;CALM3;CALM1;IL2RG;FLT3LG;GADD45A;GADD45G;LPAR2;RASSF5;SKP1;RHOA;ARHGEF1;RAC1;RAC2;FAS;CCND2;GNB2;ETS1;RASGRP1;PMAIP1;NFKBIA;STK4	29	KEGG_2021_Human
Pathogenic Escherichia coli infection	29/197	1.46193692528818e-06	1.34985509434942e-05	2.99254298941799	40.2070545034243	BAX;ACTB;EZR;LPAR2;RHOA;TUBB;ARF1;ARHGEF1;ARPC1B;HCLS1;ARF6;RAC1;FAS;PAK2;ARPC3;ARPC2;NCL;ACTG1;ACTR3;NFKBIA;MYH9;TMBIM6;TRADD;BRK1;CASP1;CDC42;GAPDH;ITGB1;WIPF1	30	KEGG_2021_Human
PD-L1 expression and PD-1 checkpoint pathway in cancer	18/89	1.52982700012191e-06	1.36697444849603e-05	4.37329753037012	58.5600103916091	BATF;EML4;NFKBIA;CD4;CD28;CD247;PDCD1;LAT;CD3G;CD3E;CD3D;MAP2K3;STAT1;STAT3;LCK;CSNK2B;RASGRP1;JAK1	31	KEGG_2021_Human
JAK-STAT signaling pathway	25/162	3.21813236387045e-06	2.78569582747536e-05	3.15706897944892	39.9265338690735	IL6ST;IL21R;IL2RG;IL27RA;CCND2;IL12RB1;CISH;STAM;BCL2L1;IFNAR2;PIM1;IL10;IL10RA;BCL2;IRF9;SOCS3;SOCS1;STAT1;STAT3;STAT4;IL2RA;IL2RB;IL21;JAK3;JAK1	32	KEGG_2021_Human
Regulation of actin cytoskeleton	30/218	3.99622189436053e-06	3.35440443859959e-05	2.76600674383294	34.3819096220451	ACTN4;PFN1;MYL12B;ACTB;MYL12A;EZR;LPAR2;RHOA;ARHGEF6;ARHGEF1;ARPC1B;IQGAP1;TMSB4X;RAC1;RAC2;PPP1CA;PPP1CC;PAK2;CFL1;ARPC3;ARPC2;ACTG1;ACTR3;ITGA4;ITGAE;MYH9;BRK1;TIAM1;CDC42;ITGB1	33	KEGG_2021_Human
p53 signaling pathway	15/73	9.17313873385078e-06	7.47341008610784e-05	4.45210552858854	51.6410006734993	SHISA5;CDK6;FAS;BAX;BCL2;CD82;CCND2;GADD45A;GADD45G;DDB2;BCL2L1;SIVA1;SESN1;SESN3;PMAIP1	34	KEGG_2021_Human
Cardiac muscle contraction	16/87	2.04955462933497e-05	0.000162207609235939	3.8802623609912	41.8886077100771	TPM4;TPM3;COX6C;UQCRQ;COX7C;COX7B;UQCR10;UQCR11;COX6A1;UQCRFS1;COX8A;COX7A2L;COX6B1;COX5A;COX5B;COX7A2	35	KEGG_2021_Human
Tight junction	24/169	2.11762299022283e-05	0.000162939324525479	2.85971078976641	30.7780126729043	ACTN4;RUNX1;PPP2R1A;MYL6;MYL12B;ACTB;MYL12A;ARPC3;ARPC2;EZR;ACTG1;ACTR3;RHOA;MYH9;RAPGEF6;ARPC1B;RAP1A;TIAM1;CDC42;PPP2CA;HCLS1;ITGB1;RAC1;RAB8B	36	KEGG_2021_Human
Primary immunodeficiency	10/38	2.99992809582981e-05	0.00022458921149861	6.12992330690238	63.8390879889052	TAP1;LCK;PTPRC;CD4;CD40LG;IL2RG;CD3E;CD3D;JAK3;ICOS	37	KEGG_2021_Human
Cytokine-cytokine receptor interaction	34/295	4.45651679465518e-05	0.000324856618978812	2.25757818765036	22.6176779940284	IL1R2;CD4;TNFSF8;IL21R;IL2RG;IL27RA;IL10;CCL20;IL10RA;CD27;EBI3;CCR6;IL32;CD40LG;IL21;CXCR6;CXCR3;CD70;CXCL13;FAS;IL6ST;CSF1;IL12RB1;IFNAR2;TNFRSF9;TNFRSF4;TNFRSF1B;TNFRSF25;TNFRSF18;TNFRSF14;IL2RA;IL2RB;LTB;LTA	38	KEGG_2021_Human
Cellular senescence	22/156	5.12578826622953e-05	0.000364062397370662	2.83303354432987	27.9865217325792	PPP1CA;CALM2;SQSTM1;CALM3;CALM1;ZFP36L1;PPP1CC;CCND2;RBBP4;MAP2K3;GADD45A;GADD45G;HLA-C;HLA-A;HLA-G;HLA-F;ETS1;RASSF5;CDK6;VDAC3;VDAC2;VDAC1	39	KEGG_2021_Human
Pancreatic cancer	14/76	6.5257807338526e-05	0.000442877566152372	3.88283988805421	37.4195681503197	CDK6;BAX;ARHGEF6;RALGDS;STAT1;GADD45A;STAT3;GADD45G;CDC42;DDB2;BCL2L1;RAC1;RAC2;JAK1	40	KEGG_2021_Human
NOD-like receptor signaling pathway	24/181	6.55867800254041e-05	0.000442877566152372	2.63944348234465	25.4234796587316	TANK;IFI16;GBP2;GBP5;GBP4;BCL2L1;CARD16;BIRC3;IFNAR2;TXN;RHOA;OAS1;NFKBIA;BCL2;IRF9;YWHAE;TNFAIP3;CASP1;STAT1;VDAC3;VDAC2;VDAC1;HSP90AB1;JAK1	41	KEGG_2021_Human
Glycolysis / Gluconeogenesis	13/67	6.74900880549059e-05	0.000442877566152372	4.13762165450122	39.7357729201207	TPI1;ALDOA;GPI;LDHB;LDHA;PGK1;PGAM1;PKM;PFKL;GALM;GAPDH;ENO1;ADH5	42	KEGG_2021_Human
Kaposi sarcoma-associated herpesvirus infection	25/193	6.87499470922455e-05	0.000442877566152372	2.57025896151819	24.6360210539416	BAX;CALM2;CALM3;CALM1;LEF1;GNG2;GNG5;GNG8;HLA-C;HLA-A;HLA-G;HLA-F;STAT1;STAT3;RAC1;JAK1;FAS;IL6ST;GNB2;IFNAR2;UBC;NFKBIA;CDK6;IRF9;TRADD	43	KEGG_2021_Human
Bacterial invasion of epithelial cells	14/77	7.57433338203622e-05	0.00047683871518728	3.82100456621005	36.2543031427593	ACTR3;RHOA;RHOG;ARPC1B;CLTB;CLTA;ACTB;CDC42;ARPC3;ARPC2;HCLS1;ITGB1;ACTG1;RAC1	44	KEGG_2021_Human
Hepatitis C	21/157	0.000161845004944502	0.000996245919325046	2.66175794766436	23.2341429304131	MX1;PPP2R1A;FAS;BAX;IFNAR2;CFLAR;OAS1;NFKBIA;CDK6;IRF9;YWHAE;YWHAB;TRADD;SOCS3;YWHAQ;YWHAH;STAT1;STAT3;YWHAZ;PPP2CA;JAK1	45	KEGG_2021_Human
Protein export	7/23	0.000176842033989827	0.0010523457371463	7.4934777676951	64.7455489123332	SRP9;SEC11A;SRP14;SPCS1;SEC61G;SEC61B;SEC11C	46	KEGG_2021_Human
Leukocyte transendothelial migration	17/114	0.00017855685792735	0.0010523457371463	3.01629470186171	26.0324435375001	ACTN4;MYL12B;ACTB;MYL12A;EZR;NCF4;ACTG1;RASSF5;RHOA;ITGA4;RHOH;ITK;RAP1A;CDC42;ITGB1;RAC1;RAC2	47	KEGG_2021_Human
C-type lectin receptor signaling pathway	16/104	0.00018961587168112	0.00109424159282646	3.12783830990601	26.8071703274483	CALM2;CALM3;CALM1;RELB;PLK3;NFKB2;RHOA;IL10;IRF1;NFKBIA;CYLD;BCL3;IRF9;CASP1;STAT1;LSP1	48	KEGG_2021_Human
Inflammatory bowel disease	12/65	0.000209251886728362	0.00118291372701544	3.88806522075644	32.9395790312754	IL10;FOXP3;IL21R;IL2RG;IL12RB1;STAT1;STAT3;STAT4;MAF;IL21;GATA3;RORA	49	KEGG_2021_Human
RNA polymerase	8/31	0.000218822574632435	0.00121227706346369	5.96074714686254	50.2327023281778	POLR3GL;POLR2C;POLR2E;POLR2G;POLR2I;POLR2J;POLR2K;POLR2L	50	KEGG_2021_Human
Osteoclast differentiation	18/127	0.000224605729189402	0.00121991739187185	2.84290987983417	23.8837521592364	SQSTM1;CSF1;RELB;NFKB2;IFNAR2;NCF4;SIRPG;NFKBIA;CYLD;IRF9;LCP2;SOCS3;SOCS1;ACP5;STAT1;LCK;RAC1;JAK1	51	KEGG_2021_Human
Human cytomegalovirus infection	26/225	0.000323252653481147	0.00169453957706172	2.25500540560605	18.1236505729985	BAX;CALM2;CALM3;CALM1;GNG2;GNG5;GNG8;B2M;HLA-C;HLA-A;HLA-G;HLA-F;RHOA;IL10RA;CALR;ARHGEF1;STAT3;RAC1;RAC2;JAK1;TAP1;FAS;GNB2;NFKBIA;CDK6;TRADD	52	KEGG_2021_Human
Apoptosis	19/142	0.000324225984058741	0.00169453957706172	2.6597449093757	21.3685762617911	FAS;BAX;LMNA;ACTB;BCL2L11;GADD45A;GADD45G;TRAF1;BCL2L1;BIRC3;ACTG1;PMAIP1;CFLAR;NFKBIA;BCL2;TRADD;CTSC;PARP1;SPTAN1	53	KEGG_2021_Human
Antigen processing and presentation	13/78	0.00033342031332714	0.00171032271836329	3.43540145985401	27.5041905133777	HSPA8;TAP1;CD4;CALR;B2M;NFYC;HLA-C;HLA-A;HLA-G;HLA-F;PSME2;PSME1;HSP90AB1	54	KEGG_2021_Human
Type I diabetes mellitus	9/43	0.00048945950386617	0.00243854317953446	4.5377807486631	34.5879124865489	HLA-C;HLA-A;HLA-G;HLA-F;FAS;CD28;LTA;ICA1;HSPD1	55	KEGG_2021_Human
Cell cycle	17/124	0.000492990678895053	0.00243854317953446	2.73294306939167	20.8114169275842	RBX1;CCNH;CCND2;PTTG1;GADD45A;GADD45G;ANAPC11;SKP1;CDK6;YWHAE;YWHAB;RAD21;YWHAQ;YWHAH;YWHAZ;CDKN1B;BUB3	56	KEGG_2021_Human
Cell adhesion molecules	19/148	0.000548887612101116	0.00266740120266683	2.53522509067634	19.0334986124806	CD2;CD4;CD6;PDCD1;HLA-C;HLA-A;HLA-G;HLA-F;ICAM3;ITGA4;PTPRC;CD28;CTLA4;ICOS;CD40LG;ITGB1;SELPLG;CD58;TIGIT	57	KEGG_2021_Human
Rap1 signaling pathway	24/210	0.000632301327766117	0.00301978392743473	2.2244685595362	16.3857568296858	CALM2;CALM3;PFN1;SKAP1;CALM1;ACTB;LPAR2;RASSF5;RHOA;APBB1IP;RAPGEF6;RAP1A;RAC1;RAC2;CSF1;MAP2K3;ACTG1;LCP2;LAT;RALGDS;TIAM1;CDC42;EVL;ITGB1	58	KEGG_2021_Human
Phagosome	19/152	0.000764440016347056	0.0035889810936972	2.45845347313237	17.6427643681467	TAP1;ACTB;HLA-C;HLA-A;HLA-G;HLA-F;NCF4;ACTG1;CORO1A;TUBB;CALR;SEC61G;SEC61B;DYNC1I2;ATP6V1G1;ATP6V0E1;ATP6V0E2;ITGB1;RAC1	59	KEGG_2021_Human
Allograft rejection	8/38	0.000960662079594201	0.00443505660079323	4.56821071752952	31.73941571758	IL10;HLA-C;HLA-A;HLA-G;HLA-F;FAS;CD28;CD40LG	60	KEGG_2021_Human
Hematopoietic cell lineage	14/99	0.00110449764619137	0.00501550570483623	2.82872951920494	19.2590221088321	IL1R2;CD2;CD5;CD4;CD7;CSF1;FLT3LG;ITGA4;CD3G;CD3E;CD3D;IL2RA;CD44;CD59	61	KEGG_2021_Human
Ras signaling pathway	25/232	0.00116043682199342	0.00518453225309962	2.08166212096904	14.0698684571621	CALM2;CALM3;CALM1;GNG2;GNG5;FLT3LG;GNG8;RASSF5;RHOA;RASAL3;RAP1A;ARF6;RAC1;RAC2;CSF1;PAK2;GNB2;BCL2L1;ETS1;RASGRP1;LAT;STK4;RALGDS;TIAM1;CDC42	62	KEGG_2021_Human
Viral protein interaction with cytokine and cytokine receptor	14/100	0.00122014098386696	0.00536474686557376	2.79568864818944	18.7556848768017	CXCL13;IL6ST;CSF1;IL2RG;IL10;CCL20;IL10RA;TNFRSF1B;CCR6;TNFRSF14;IL2RA;IL2RB;LTA;CXCR3	63	KEGG_2021_Human
TNF signaling pathway	15/112	0.00131578535902066	0.00568324538783318	2.65657098701446	17.6218896049746	FAS;CSF1;MAP2K3;TRAF1;BIRC3;CCL20;CFLAR;TNFRSF1B;IRF1;NFKBIA;BCL3;TRADD;TNFAIP3;SOCS3;LTA	64	KEGG_2021_Human
PI3K-Akt signaling pathway	34/354	0.00133361353866122	0.00568324538783318	1.83550581395349	12.1507971610295	PPP2R1A;IL2RG;GNG2;GNG5;FLT3LG;GNG8;LPAR2;PPP2CA;CDKN1B;RAC1;JAK3;JAK1;CSF1;BCL2L11;CCND2;GNB2;BCL2L1;IFNAR2;THEM4;ITGA4;CDK6;BCL2;YWHAE;YWHAB;YWHAQ;EIF4E;YWHAH;YWHAZ;CDC37;IL2RA;DDIT4;IL2RB;ITGB1;HSP90AB1	65	KEGG_2021_Human
Viral myocarditis	10/60	0.00158098635820663	0.00663535183671571	3.4287534121929	22.1144526530698	CD28;ACTB;HLA-C;HLA-A;HLA-G;HLA-F;CD40LG;ACTG1;RAC1;RAC2	66	KEGG_2021_Human
Ferroptosis	8/41	0.00161989576775289	0.00669718100996345	4.15225827759888	26.6798932338529	GPX4;PRNP;VDAC3;VDAC2;PCBP1;SLC3A2;MAP1LC3A;PCBP2	67	KEGG_2021_Human
Adherens junction	11/71	0.00173845553055823	0.00708164973477397	3.14421675774135	19.9807371799567	PTPN1;RHOA;ACTN4;LEF1;IQGAP1;ACTB;CDC42;CSNK2B;ACTG1;RAC1;RAC2	68	KEGG_2021_Human
Oocyte meiosis	16/129	0.00208982742750388	0.00838959706403733	2.4326000534374	15.010781383969	PPP2R1A;PPP1CA;RBX1;CALM2;CALM3;CALM1;PPP1CC;PTTG1;ANAPC11;SKP1;YWHAE;YWHAB;YWHAQ;YWHAH;YWHAZ;PPP2CA	69	KEGG_2021_Human
Autoimmune thyroid disease	9/53	0.00234116947333091	0.00926434205875233	3.50460743801653	21.2277741828201	IL10;FAS;CD28;CTLA4;HLA-C;HLA-A;HLA-G;HLA-F;CD40LG	70	KEGG_2021_Human
Colorectal cancer	12/86	0.00273295627147553	0.0106623786929397	2.78159107147257	16.417983509861	RHOA;BAX;BCL2;LEF1;BCL2L11;RALGDS;GADD45A;GADD45G;DDB2;PMAIP1;RAC1;RAC2	71	KEGG_2021_Human
Protein processing in endoplasmic reticulum	19/171	0.0030548907337484	0.0117528435173376	2.14896788990826	12.4446976633731	RBX1;BAX;UBE2D3;UBE2D2;PDIA6;DDOST;VCP;SKP1;HSPA8;BCL2;CALR;UBXN1;SEC61G;SEC61B;UBXN4;SVIP;DNAJA2;DAD1;HSP90AB1	72	KEGG_2021_Human
Toxoplasmosis	14/112	0.0035926630076743	0.0136324336044627	2.45179386823222	13.8008082741201	MAP2K3;BCL2L1;BIRC3;IL10;HSPA8;IL10RA;NFKBIA;BCL2;SOCS1;STAT1;STAT3;CD40LG;ITGB1;JAK1	73	KEGG_2021_Human
Thyroid cancer	7/37	0.0037678395073378	0.0141039397774672	3.99355716878403	22.2890549926945	GADD45A;TPM3;GADD45G;DDB2;BAX;LEF1;TPR	74	KEGG_2021_Human
Lipid and atherosclerosis	22/215	0.00419165374897177	0.0154811745128691	1.9607895476927	10.7346559746326	BAX;CALM2;CALM3;CALM1;RHOA;ARHGEF1;RAP1A;STAT3;CD40LG;RAC1;FAS;TANK;MAP2K3;BCL2L1;NCF4;HSPA8;NFKBIA;BCL2;CASP1;CDC42;HSP90AB1;HSPD1	75	KEGG_2021_Human
Ubiquitin mediated proteolysis	16/140	0.00475935292351396	0.0172340481712133	2.21550630109494	11.8477380041154	UBE2I;UBE2B;RBX1;UBE2N;UBE2D3;UBE2D2;RNF7;UBE2L6;UBA2;BIRC3;ANAPC11;UBC;SKP1;SOCS3;SOCS1;DDB2	76	KEGG_2021_Human
Small cell lung cancer	12/92	0.0047906920909149	0.0172340481712133	2.57215132178669	13.7380669884453	NFKBIA;CDK6;BAX;BCL2;GADD45A;GADD45G;TRAF1;DDB2;BCL2L1;BIRC3;ITGB1;CDKN1B	77	KEGG_2021_Human
Chemokine signaling pathway	20/192	0.00504613875654639	0.0179202619944019	1.99874004313751	10.5715997835604	CXCL13;GNG2;GNG5;GNG8;GNB2;RHOA;CCL20;NFKBIA;ITK;RAP1A;CCR6;STAT1;STAT3;TIAM1;CDC42;CXCR6;CXCR3;RAC1;RAC2;JAK3	78	KEGG_2021_Human
Vibrio cholerae infection	8/50	0.00586434743837557	0.0205623321573422	3.26093162060465	16.7574843293227	ARF1;ACTB;SEC61G;SEC61B;ATP6V1G1;ATP6V0E1;ATP6V0E2;ACTG1	79	KEGG_2021_Human
Non-small cell lung cancer	10/72	0.00618446985061103	0.0214137268577407	2.76336258768969	14.0536717776062	EML4;CDK6;BAX;STK4;GADD45A;STAT3;GADD45G;DDB2;RASSF5;JAK3	80	KEGG_2021_Human
Influenza A	18/172	0.00720847975507743	0.0246512208908204	2.00736843358292	9.90133918242329	MX1;FAS;BAX;ACTB;FDPS;IFNAR2;ACTG1;OAS1;NFKBIA;CDK6;IRF9;TRADD;SOCS3;CASP1;STAT1;RAB11B;VDAC1;JAK1	81	KEGG_2021_Human
HIF-1 signaling pathway	13/109	0.00729762832094943	0.0246517444500365	2.32222285583942	11.4258145294346	RBX1;PFKFB3;ENO1;BCL2;ALDOA;LDHB;LDHA;PGK1;EIF4E;STAT3;PFKL;GAPDH;CDKN1B	82	KEGG_2021_Human
Platelet activation	14/124	0.00883608657691797	0.0294891082145335	2.18293067662931	10.32288531521	PPP1CA;MYL12B;PPP1CC;ACTB;MYL12A;FERMT3;ACTG1;RASGRP1;RHOA;APBB1IP;LCP2;ARHGEF1;RAP1A;ITGB1	83	KEGG_2021_Human
Vasopressin-regulated water reabsorption	7/44	0.0100254472730724	0.033060105888584	3.23681757983028	14.8978694605149	DYNLL1;RAB11B;DCTN2;AQP3;ARHGDIA;ARHGDIB;DYNC1I2	84	KEGG_2021_Human
Human papillomavirus infection	29/331	0.0102388087279432	0.0331187569362505	1.65281150355654	7.57247160249823	MX1;PPP2R1A;BAX;HLA-C;HLA-A;HLA-G;HLA-F;RBPJ;CSNK1A1;ATP6V1G1;ATP6V0E1;ATP6V0E2;STAT1;PPP2CA;CDKN1B;JAK1;FAS;CCND2;ISG15;TADA3;IFNAR2;ITGA4;IRF1;CDK6;IRF9;TRADD;CDC42;PKM;ITGB1	85	KEGG_2021_Human
Fluid shear stress and atherosclerosis	15/139	0.0102823577491608	0.0331187569362505	2.07513858583476	9.49858516386121	IL1R2;CALM2;SQSTM1;CALM3;CALM1;ACTB;ACTG1;TXN;RHOA;BCL2;HSP90AB1;SUMO2;SUMO1;RAC1;RAC2	86	KEGG_2021_Human
Chagas disease	12/102	0.0107919577353201	0.0343606010653296	2.28514129443938	10.3492999805591	PPP2R1A;FAS;IL10;CFLAR;NFKBIA;CALR;CD247;CD3G;CD3E;CD3D;PPP2CA;GNA15	87	KEGG_2021_Human
Legionellosis	8/57	0.0128540761071072	0.0404611259280532	2.79404622884576	12.1655407901398	HSPA8;NFKBIA;RAB1B;ARF1;CASP1;NFKB2;VCP;HSPD1	88	KEGG_2021_Human
Neurotrophin signaling pathway	13/119	0.0147249648942722	0.0458293851203753	2.10202623605564	8.86679005151258	BAX;CALM2;CALM3;CALM1;RHOA;NFKBIA;BCL2;YWHAE;RAP1A;CDC42;ARHGDIA;ARHGDIB;RAC1	89	KEGG_2021_Human
Fc gamma R-mediated phagocytosis	11/97	0.0184218698904723	0.0566984217740092	2.19061083576905	8.74977446922816	CFL1;ARPC3;ARPC2;ACTR3;PTPRC;LAT;ARPC1B;CDC42;ARF6;RAC1;RAC2	90	KEGG_2021_Human
Cysteine and methionine metabolism	7/50	0.0196392640558046	0.0597810565215152	2.78428227746592	10.9428542783056	ADI1;LDHB;LDHA;MDH2;SMS;MAT2B;MDH1	91	KEGG_2021_Human
Chronic myeloid leukemia	9/76	0.0243703710703	0.0725870192093882	2.29872455902307	8.53835304374359	RUNX1;NFKBIA;CDK6;BAX;GADD45A;GADD45G;DDB2;BCL2L1;CDKN1B	92	KEGG_2021_Human
Pertussis	9/76	0.0243703710703	0.0725870192093882	2.29872455902307	8.53835304374359	RHOA;IL10;IRF1;CALM2;CALM3;CALM1;CFL1;CASP1;ITGB1	92	KEGG_2021_Human
Graft-versus-host disease	6/42	0.0272492547604243	0.0802983358365696	2.84904805077063	10.2643483382947	HLA-C;HLA-A;HLA-G;HLA-F;FAS;CD28	94	KEGG_2021_Human
RNA degradation	9/79	0.0304403146643778	0.0887575490740278	2.19985714285714	7.68187344410775	BTG3;BTG1;LSM2;LSM4;LSM7;PFKL;DCP2;ENO1;HSPD1	95	KEGG_2021_Human
Focal adhesion	18/201	0.0309011263003597	0.0891626248458296	1.68664633138495	5.86440629105776	ACTN4;MYL12B;ACTB;MYL12A;RHOA;RAP1A;RAC1;RAC2;PPP1CA;PPP1CC;PAK2;CCND2;BIRC3;ACTG1;ITGA4;BCL2;CDC42;ITGB1	96	KEGG_2021_Human
Mitophagy	8/68	0.0338903412487406	0.0967796342876406	2.28047229791099	7.71854406239146	TAX1BP1;SQSTM1;OPTN;FIS1;CSNK2B;BCL2L1;USP15;UBC	97	KEGG_2021_Human
Hepatitis B	15/162	0.0358063737224494	0.101207811439984	1.7483117561467	5.82123016153558	FAS;BAX;MAP2K3;NFKBIA;BCL2;YWHAB;YWHAQ;STAT1;STAT3;STAT4;YWHAZ;DDB2;VDAC3;JAK3;JAK1	98	KEGG_2021_Human
Proteoglycans in cancer	18/205	0.0365100907318078	0.102154496290008	1.65021542322454	5.46248797378504	ACTB;NUDT16L1;EZR;RHOA;ARHGEF1;IQGAP1;STAT3;HCLS1;CD44;RAC1;PPP1CA;FAS;PPP1CC;DDX5;ACTG1;TIAM1;CDC42;ITGB1	99	KEGG_2021_Human
MAPK signaling pathway	24/294	0.0379221009592671	0.10504421965717	1.52552995391705	4.99187145352277	FLT3LG;GADD45A;GADD45G;STMN1;DUSP4;RAP1A;MAP4K1;RAC1;RAC2;FAS;MAPKAPK3;PTPN7;CSF1;RELB;PAK2;MAP2K3;NFKB2;RASGRP1;HSPA8;TRADD;DUSP16;HSPB1;STK4;CDC42	100	KEGG_2021_Human
Transcriptional misregulation in cancer	17/192	0.0385861972471233	0.105825511261912	1.66495028780743	5.41918117720811	IL1R2;RUNX1;BAX;HPGD;CCND2;GADD45A;GADD45G;TRAF1;MAF;BCL2L1;BIRC3;DDX5;ETV7;NCOR1;DDB2;IL2RB;CDKN1B	101	KEGG_2021_Human
Tuberculosis	16/180	0.0425059693463961	0.115432877538742	1.67156851806395	5.27899851913937	BAX;CALM2;CALM3;CALM1;PLK3;CORO1A;RHOA;IL10;IL10RA;BCL2;TRADD;STAT1;NFYC;LSP1;HSPD1;JAK1	102	KEGG_2021_Human
Pyruvate metabolism	6/47	0.0442715530049101	0.119060390120001	2.50093978727639	7.79646208640987	MDH2;PKM;ADH5;LDHB;LDHA;MDH1	103	KEGG_2021_Human
mRNA surveillance pathway	10/98	0.04502257390836	0.119915893967459	1.9442261560096	6.02825065125349	PPP2R1A;PPP1CA;PPP1CC;SAP18;RNPS1;MSI2;WDR33;RBM8A;PPP2CA;NUDT21	104	KEGG_2021_Human
RNA transport	16/186	0.0543262707389246	0.142769473257242	1.61205532533233	4.69550989576426	UBE2I;CLNS1A;RAN;SAP18;RNPS1;POP5;TPR;RBM8A;EIF4E;KPNB1;EIF3J;EIF3H;EIF3I;EIF3D;SUMO2;SUMO1	105	KEGG_2021_Human
Purine metabolism	12/129	0.0546338056507857	0.142769473257242	1.75527662856742	5.10276896401366	ENTPD1;PDE7B;NT5C;HPRT1;DGUOK;NME3;PDE4B;ADSL;PDE4D;APRT;PKM;NUDT5	106	KEGG_2021_Human
Glioma	8/75	0.055429834840354	0.143495927577365	2.04145485108517	5.90518843863919	CDK6;BAX;CALM2;CALM3;CALM1;GADD45A;GADD45G;DDB2	107	KEGG_2021_Human
Natural killer cell mediated cytotoxicity	12/131	0.0600507142716073	0.15401896160403	1.72559233356059	4.85334204408465	FAS;SH2D1A;HLA-C;HLA-A;HLA-G;IFNAR2;LCP2;CD247;LAT;LCK;RAC1;RAC2	108	KEGG_2021_Human
Hippo signaling pathway	14/163	0.0692302703371882	0.175933806269735	1.60821304894119	4.294438771879	PPP2R1A;PPP1CA;LEF1;PPP1CC;ACTB;CCND2;BIRC3;ACTG1;YWHAE;YWHAB;YWHAQ;YWHAH;YWHAZ;PPP2CA	109	KEGG_2021_Human
Rheumatoid arthritis	9/93	0.0725607360916953	0.182296989472973	1.83185064935065	4.80555119781888	CCL20;CD28;CSF1;ACP5;CTLA4;ATP6V1G1;ATP6V0E1;ATP6V0E2;LTB	110	KEGG_2021_Human
Glucagon signaling pathway	10/107	0.0730504181642598	0.182296989472973	1.76298978452764	4.61304861933235	CALM2;CALM3;CALM1;PPP4C;LDHB;LDHA;PGAM1;PRMT1;PKM;PFKL	111	KEGG_2021_Human
Circadian rhythm	4/31	0.0902524840585698	0.222496143100494	2.52911010558069	6.08287439525794	RBX1;BHLHE40;RORA;SKP1	112	KEGG_2021_Human
Epithelial cell signaling in Helicobacter pylori infection	7/70	0.0923720449695193	0.222496143100494	1.8983666061706	4.5217780592696	NFKBIA;ATP6V1G1;ATP6V0E1;ATP6V0E2;CDC42;RAC1;CSK	113	KEGG_2021_Human
Prolactin signaling pathway	7/70	0.0923720449695193	0.222496143100494	1.8983666061706	4.5217780592696	IRF1;SOCS3;SOCS1;CCND2;STAT1;CISH;STAT3	113	KEGG_2021_Human
RIG-I-like receptor signaling pathway	7/70	0.0923720449695193	0.222496143100494	1.8983666061706	4.5217780592696	NFKBIA;CYLD;OTUD5;TRADD;TANK;ISG15;PIN1	113	KEGG_2021_Human
VEGF signaling pathway	6/59	0.107506059347326	0.253083098773867	1.93345763697634	4.31201281915121	MAPKAPK3;SH2D2A;HSPB1;CDC42;RAC1;RAC2	116	KEGG_2021_Human
Base excision repair	4/33	0.107811572762875	0.253083098773867	2.35443907005773	5.24420759247931	PARP1;MPG;HMGB1;POLD4	117	KEGG_2021_Human
Fructose and mannose metabolism	4/33	0.107811572762875	0.253083098773867	2.35443907005773	5.24420759247931	TPI1;PFKL;ALDOA;PFKFB3	117	KEGG_2021_Human
FoxO signaling pathway	11/131	0.111399667796482	0.259308470417022	1.56709927140255	3.43920453699764	BCL2L11;CCND2;S1PR4;GADD45A;PLK3;GADD45G;IL10;STK4;STAT3;PRMT1;CDKN1B	119	KEGG_2021_Human
Dopaminergic synapse	11/132	0.115809786833518	0.267327591274037	1.55406524258983	3.35026348897858	PPP2R1A;PPP1CA;CALM2;CALM3;CALM1;GNG2;PPP1CC;GNG5;GNG8;GNB2;PPP2CA	120	KEGG_2021_Human
Nucleotide excision repair	5/47	0.117474035587549	0.268928164113646	2.03254399585921	4.35277008904529	RPA3;RBX1;DDB2;CCNH;POLD4	121	KEGG_2021_Human
Vascular smooth muscle contraction	11/133	0.120317689536819	0.273180327882778	1.5412448863806	3.26377041311758	PPP1CA;MYL6;CALM2;CALM3;CALM1;PPP1CC;PRKCH;RHOA;ACTA2;MYH9;ARHGEF1	122	KEGG_2021_Human
Intestinal immune network for IgA production	5/48	0.125514987605024	0.281178774286227	1.98517020559488	4.11988349001524	IL10;ITGA4;CD28;CD40LG;ICOS	123	KEGG_2021_Human
Hypertrophic cardiomyopathy	8/90	0.125870642640766	0.281178774286227	1.66668881947675	3.45421348687855	ITGA4;TPM4;TPM3;LMNA;ACTB;EMD;ITGB1;ACTG1	124	KEGG_2021_Human
Adrenergic signaling in cardiomyocytes	12/150	0.129149564090074	0.286195434023603	1.48650469660338	3.04255422911731	TPM4;TPM3;PPP2R1A;PPP1CA;CALM2;CALM3;CALM1;PPP1CC;CREM;BCL2;ATP2B4;PPP2CA	125	KEGG_2021_Human
Arrhythmogenic right ventricular cardiomyopathy	7/77	0.134324140284927	0.292974699676574	1.70789473684211	3.42859773231341	ITGA4;LEF1;LMNA;ACTB;EMD;ITGB1;ACTG1	126	KEGG_2021_Human
Leishmaniasis	7/77	0.134324140284927	0.292974699676574	1.70789473684211	3.42859773231341	IL10;ITGA4;NFKBIA;STAT1;ITGB1;NCF4;JAK1	126	KEGG_2021_Human
Cytosolic DNA-sensing pathway	6/63	0.135431107303233	0.293081380648402	1.79739466526698	3.5935171366476	POLR3GL;NFKBIA;CASP1;POLR2E;POLR2K;POLR2L	128	KEGG_2021_Human
Ribosome biogenesis in eukaryotes	9/108	0.1450378976778	0.3114379663314	1.55305785123967	2.99858229898828	NHP2;RAN;EIF6;CSNK2B;NOP10;POP5;REXO2;RRP7A;NOP58	129	KEGG_2021_Human
Non-homologous end-joining	2/13	0.160079884304345	0.341093291940796	3.10092797897676	5.68115529934324	XRCC5;XRCC6	130	KEGG_2021_Human
Dilated cardiomyopathy	8/96	0.163048852066944	0.344767420019416	1.55255552803237	2.81587837161236	ITGA4;TPM4;TPM3;LMNA;ACTB;EMD;ITGB1;ACTG1	131	KEGG_2021_Human
Long-term potentiation	6/67	0.16639079567471	0.349168563650718	1.67917601771621	3.01146124878774	PPP1CA;CALM2;CALM3;CALM1;PPP1CC;RAP1A	132	KEGG_2021_Human
Peroxisome	7/82	0.169111353056991	0.352209359374335	1.59361161524501	2.83216319564029	ECH1;PMVK;GSTK1;SOD1;PRDX5;PRDX1;SCP2	133	KEGG_2021_Human
Fc epsilon RI signaling pathway	6/68	0.17456311549546	0.360850619345092	1.65200479630334	2.88352301004656	LCP2;LAT;MAP2K3;ALOX5AP;RAC1;RAC2	134	KEGG_2021_Human
Renal cell carcinoma	6/69	0.182895898922232	0.37527528889969	1.62569615334801	2.76179463968283	RBX1;PAK2;RAP1A;CDC42;ETS1;RAC1	135	KEGG_2021_Human
Collecting duct acid secretion	3/27	0.186605047536372	0.377296336989599	2.13234629294756	3.57969966907453	ATP6V1G1;ATP6V0E1;ATP6V0E2	136	KEGG_2021_Human
Fatty acid elongation	3/27	0.186605047536372	0.377296336989599	2.13234629294756	3.57969966907453	ELOVL5;ECHS1;THEM4	136	KEGG_2021_Human
AGE-RAGE signaling pathway in diabetic complications	8/100	0.190345388225335	0.381388167869012	1.48473719543498	2.46305284066653	BAX;PIM1;BCL2;STAT1;STAT3;CDC42;CDKN1B;RAC1	138	KEGG_2021_Human
Central carbon metabolism in cancer	6/70	0.191382510230298	0.381388167869012	1.60020965548504	2.64591655299228	SLC7A5;LDHB;LDHA;PGAM1;PKM;PFKL	139	KEGG_2021_Human
Phototransduction	3/28	0.200985480612924	0.397664129498429	2.04694394213382	3.28436783510042	CALM2;CALM3;CALM1	140	KEGG_2021_Human
Sphingolipid signaling pathway	9/119	0.21478287019494	0.42194932655318	1.39693388429752	2.14866265671966	PPP2R1A;BAX;S1PR4;RHOA;BCL2;TRADD;PPP2CA;RAC1;RAC2	141	KEGG_2021_Human
Endometrial cancer	5/58	0.217929422344381	0.425115844995729	1.6097552638775	2.45259739506881	BAX;LEF1;GADD45A;GADD45G;DDB2	142	KEGG_2021_Human
Insulin signaling pathway	10/137	0.229405244380165	0.43723683351271	1.34438609186591	1.97929287624089	PTPN1;PPP1CA;CALM2;CALM3;CALM1;PPP1CC;PRKAR1A;SOCS3;SOCS1;EIF4E	143	KEGG_2021_Human
Citrate cycle (TCA cycle)	3/30	0.230456959179984	0.43723683351271	1.89511754068716	2.78144726551394	MDH2;SDHC;MDH1	144	KEGG_2021_Human
Glyoxylate and dicarboxylate metabolism	3/30	0.230456959179984	0.43723683351271	1.89511754068716	2.78144726551394	MDH2;SHMT2;MDH1	144	KEGG_2021_Human
Pentose phosphate pathway	3/30	0.230456959179984	0.43723683351271	1.89511754068716	2.78144726551394	PFKL;ALDOA;GPI	144	KEGG_2021_Human
Morphine addiction	7/91	0.240106322989797	0.452445248082816	1.42218693284936	2.02899632563692	PDE7B;GNG2;GNG5;GNG8;PDE4B;PDE4D;GNB2	147	KEGG_2021_Human
Gastric acid secretion	6/76	0.245140325403079	0.456360041760751	1.462582567025	2.05628062864338	CALM2;CALM3;CALM1;ACTB;EZR;ACTG1	148	KEGG_2021_Human
Galactose metabolism	3/31	0.245478867228707	0.456360041760751	1.82733789718419	2.5665772396124	PFKL;GALM;UGP2	149	KEGG_2021_Human
D-Glutamine and D-glutamate metabolism	1/5	0.248183224282201	0.458311687507798	4.26150722021661	5.93878531553369	GLUD1	150	KEGG_2021_Human
Synaptic vesicle cycle	6/78	0.263965684970628	0.48413116691052	1.42180417044424	1.89375239481081	CLTB;CLTA;ATP6V1G1;ATP6V0E1;ATP6V0E2;AP2M1	151	KEGG_2021_Human
TGF-beta signaling pathway	7/94	0.265660423719852	0.48413116691052	1.37292696664372	1.81986465277639	RHOA;PPP2R1A;RBX1;ID3;TGIF1;PPP2CA;SKP1	152	KEGG_2021_Human
Basal cell carcinoma	5/63	0.270305821608319	0.489377206441206	1.47059282858571	1.92383143299412	BAX;LEF1;GADD45A;GADD45G;DDB2	153	KEGG_2021_Human
Propanoate metabolism	3/34	0.291299392175562	0.521680140493107	1.65023624803127	2.03540749685536	ECHS1;LDHB;LDHA	154	KEGG_2021_Human
Circadian entrainment	7/97	0.29191488005932	0.521680140493107	1.32695099818512	1.63386550971845	CALM2;CALM3;CALM1;GNG2;GNG5;GNG8;GNB2	155	KEGG_2021_Human
Cholesterol metabolism	4/50	0.30034287325902	0.527344603988252	1.48298249065512	1.78377663907356	STARD3;VDAC3;VDAC2;VDAC1	156	KEGG_2021_Human
Malaria	4/50	0.30034287325902	0.527344603988252	1.48298249065512	1.78377663907356	IL10;GYPC;KLRB1;CD40LG	156	KEGG_2021_Human
Inflammatory mediator regulation of TRP channels	7/98	0.300795839097992	0.527344603988252	1.31229931592908	1.57649603322738	PPP1CA;CALM2;CALM3;CALM1;PPP1CC;PRKCH;MAP2K3	158	KEGG_2021_Human
One carbon pool by folate	2/20	0.305338753094645	0.531942356020231	1.89430894308943	2.24728206917006	SHMT2;MTHFD2	159	KEGG_2021_Human
cAMP signaling pathway	14/216	0.312279034788814	0.540139853762091	1.18290157782902	1.37672964033222	CALM2;CALM3;CALM1;RHOA;RAP1A;RAC1;RAC2;PPP1CA;PPP1CC;NFKBIA;PDE4B;PDE4D;ATP2B4;TIAM1	160	KEGG_2021_Human
Acute myeloid leukemia	5/67	0.313944102728147	0.540139853762091	1.37542367928939	1.5934837973933	RUNX1;LEF1;STAT3;PIM2;PIM1	161	KEGG_2021_Human
Starch and sucrose metabolism	3/36	0.322176793983147	0.550882542798344	1.55005753739931	1.755680163447	PGM2L1;GPI;UGP2	162	KEGG_2021_Human
Hepatocellular carcinoma	11/168	0.329178105410093	0.558248760426051	1.1954219020106	1.32830060252052	SMARCA2;BAX;LEF1;ACTB;GADD45A;GADD45G;BCL2L1;ACTG1;CSNK1A1;CDK6;DDB2	163	KEGG_2021_Human
Adipocytokine signaling pathway	5/69	0.336108444194948	0.558248760426051	1.33230015851449	1.45263540137921	TNFRSF1B;NFKBIA;TRADD;SOCS3;STAT3	164	KEGG_2021_Human
Amphetamine addiction	5/69	0.336108444194948	0.558248760426051	1.33230015851449	1.45263540137921	PPP1CA;CALM2;CALM3;CALM1;PPP1CC	164	KEGG_2021_Human
Amoebiasis	7/102	0.336817521388813	0.558248760426051	1.25677715159041	1.36764245962179	ACTN4;IL1R2;PRDX1;IL10;HSPB1;SERPINB9;GNA15	166	KEGG_2021_Human
Endocrine and other factor-regulated calcium reabsorption	4/53	0.338576865529157	0.558248760426051	1.3919660171761	1.50750495309427	CLTB;CLTA;ATP2B4;AP2M1	167	KEGG_2021_Human
Glycosaminoglycan biosynthesis	4/53	0.338576865529157	0.558248760426051	1.3919660171761	1.50750495309427	HS3ST3B1;B3GAT3;CHST11;B3GNT2	167	KEGG_2021_Human
Terpenoid backbone biosynthesis	2/22	0.346795475779107	0.568416253200075	1.70469738030714	1.80530875569445	FDPS;PMVK	169	KEGG_2021_Human
Riboflavin metabolism	1/8	0.366474768620607	0.591400483420423	2.43476018566271	2.44407461438432	ACP5	170	KEGG_2021_Human
Mismatch repair	2/23	0.367223404867555	0.591400483420423	1.62343528197187	1.62633292485401	RPA3;POLD4	171	KEGG_2021_Human
Proximal tubule bicarbonate reclamation	2/23	0.367223404867555	0.591400483420423	1.62343528197187	1.62633292485401	GLUD1;MDH1	171	KEGG_2021_Human
Melanoma	5/72	0.36955916502329	0.591721900066192	1.27244213714039	1.26664543735736	CDK6;BAX;GADD45A;GADD45G;DDB2	173	KEGG_2021_Human
Pyrimidine metabolism	4/56	0.376961059192473	0.600104674691466	1.31145144448312	1.27946958712761	ENTPD1;DUT;NME3;NT5C	174	KEGG_2021_Human
Ribosome	10/158	0.380046031861162	0.601558576145953	1.15233750584069	1.11484378186228	MRPS18C;RPL36AL;RPS26;MRPL20;MRPL28;MRPS6;RPS27L;MRPL33;MRPL34;MRPS21	175	KEGG_2021_Human
Glutathione metabolism	4/57	0.389723985059879	0.613060757068775	1.28663877742679	1.21242097657184	GPX4;GSTK1;SMS;TXNDC12	176	KEGG_2021_Human
Insulin resistance	7/108	0.391739184119758	0.613060757068775	1.1817397710733	1.10747807070609	PTPN1;PPP1CA;PPP1CC;NFKBIA;SOCS3;STAT3;TBC1D4	177	KEGG_2021_Human
Coronavirus disease	14/232	0.411462501992715	0.640309623887539	1.0951447362909	0.972529471302236	MX1;RPL36AL;RPS26;RPS27L;STAT1;STAT3;JAK1;IL6ST;ISG15;IFNAR2;OAS1;NFKBIA;IRF9;CASP1	178	KEGG_2021_Human
Herpes simplex virus 1 infection	29/498	0.419691768118056	0.649467149545818	1.05472241964779	0.915746627404579	BAX;STAT1;JAK1;TAP1;PPP1CA;SRSF3;SRSF4;SRSF7;PPP1CC;BCL2L1;BIRC3;IFNAR2;BCL2;TRADD;TNFRSF14;SP100;B2M;HLA-C;HLA-A;HLA-G;HLA-F;BST2;CALR;SOCS3;FAS;OAS1;NFKBIA;IRF9;LTA	179	KEGG_2021_Human
IL-17 signaling pathway	6/94	0.422329987501575	0.649918925210756	1.16230528311217	1.00187032013969	CCL20;NFKBIA;TRADD;TNFAIP3;ELAVL1;HSP90AB1	180	KEGG_2021_Human
Mineral absorption	4/60	0.427740630439911	0.653144062635352	1.21751777634131	1.0339626909751	MT1E;ATP2B4;ATOX1;HMOX2	181	KEGG_2021_Human
Fatty acid degradation	3/43	0.429141586280267	0.653144062635352	1.27832278481013	1.0814206509795	ACADVL;ECHS1;ADH5	182	KEGG_2021_Human
Sulfur metabolism	1/10	0.434813030761812	0.658159614868972	1.89350180505415	1.57698244261315	ETHE1	183	KEGG_2021_Human
Wnt signaling pathway	10/166	0.440368719872759	0.662946388069317	1.09277665010149	0.896233014456003	RBX1;LEF1;CCND2;CSNK2B;SKP1;RHOA;CSNK1A1;CACYBP;RAC1;RAC2	184	KEGG_2021_Human
Biosynthesis of unsaturated fatty acids	2/27	0.446063394273479	0.667025696574308	1.36339656729901	1.10066213758508	ELOVL5;SCP2	185	KEGG_2021_Human
cGMP-PKG signaling pathway	10/167	0.447894511057117	0.667025696574308	1.08575833270547	0.87207842260628	PPP1CA;CALM2;CALM3;CALM1;PPP1CC;RHOA;ATP2B4;VDAC3;VDAC2;VDAC1	186	KEGG_2021_Human
Prostate cancer	6/97	0.452166673120692	0.669786997082522	1.12380819543104	0.89197153338174	IL1R2;LEF1;NFKBIA;BCL2;CDKN1B;HSP90AB1	187	KEGG_2021_Human
Type II diabetes mellitus	3/46	0.473253762663791	0.697294107754628	1.18894823163295	0.889480157827306	PKM;SOCS3;SOCS1	188	KEGG_2021_Human
Neutrophil extracellular trap formation	11/189	0.478736898876994	0.701640851793266	1.05320705675283	0.775796640504607	ACTB;NCF4;ACTG1;HMGB1;CASP1;VDAC3;VDAC2;VDAC1;SELPLG;RAC1;RAC2	189	KEGG_2021_Human
Oxytocin signaling pathway	9/154	0.484660749824356	0.706452936305737	1.05776802507837	0.766147851668105	PPP1CA;MYL6;CALM2;CALM3;CALM1;PPP1CC;ACTB;ACTG1;RHOA	190	KEGG_2021_Human
Apelin signaling pathway	8/137	0.492221720963925	0.706452936305737	1.05679825951038	0.749086095394098	CALM2;CALM3;CALM1;GNG2;GNG5;GNG8;GNB2;ACTA2	191	KEGG_2021_Human
Autophagy	8/137	0.492221720963925	0.706452936305737	1.05679825951038	0.749086095394098	SQSTM1;TANK;BCL2L1;CFLAR;BCL2;HMGB1;PPP2CA;DDIT4	191	KEGG_2021_Human
Estrogen signaling pathway	8/137	0.492221720963925	0.706452936305737	1.05679825951038	0.749086095394098	CALM2;FKBP5;CALM3;CALM1;HSPA8;KRT10;BCL2;HSP90AB1	191	KEGG_2021_Human
Longevity regulating pathway	6/102	0.501018587558169	0.715371900791819	1.06499320036265	0.7360296634081	BAX;SESN1;SESN3;HSPA8;EIF4E;SOD1	194	KEGG_2021_Human
Thyroid hormone signaling pathway	7/121	0.509608301198294	0.723905125291936	1.04625561180629	0.705294389153683	MED4;ACTB;ACTG1;NCOR1;STAT1;PFKL;TBC1D4	195	KEGG_2021_Human
Asthma	2/31	0.519101450701121	0.733628070633727	1.17509267046693	0.770456491211941	IL10;CD40LG	196	KEGG_2021_Human
Parathyroid hormone synthesis, secretion and action	6/106	0.538960188451696	0.757827270056445	1.02217588395286	0.63182078752901	GATA3;RHOA;BCL2;ARHGEF1;PDE4B;PDE4D	197	KEGG_2021_Human
Lysosome	7/128	0.569848843053342	0.797212775382705	0.98536095153815	0.554151372254204	CD164;CTSA;CLTB;CLTA;ACP5;CTSC;LAPTM5	198	KEGG_2021_Human
Breast cancer	8/147	0.573011007687136	0.797608287082094	0.980246865178157	0.545850811753383	BAX;LEF1;GADD45A;GADD45G;NFKB2;CSNK1A1;CDK6;DDB2	199	KEGG_2021_Human
Relaxin signaling pathway	7/129	0.578174437297452	0.800771595656971	0.977232156139359	0.535405622627517	GNG2;GNG5;GNG8;GNB2;ACTA2;NFKBIA;GNA15	200	KEGG_2021_Human
Gastric cancer	8/149	0.588472454542937	0.808930980376582	0.966239588768431	0.512324540158329	BAX;LEF1;GADD45A;GADD45G;CSNK1A1;BCL2;DDB2;CDKN1B	201	KEGG_2021_Human
GnRH signaling pathway	5/93	0.592650166027692	0.808930980376582	0.967710391963109	0.506258652793918	CALM2;CALM3;CALM1;MAP2K3;CDC42	202	KEGG_2021_Human
PPAR signaling pathway	4/74	0.592826675149625	0.808930980376582	0.973290239172592	0.508887923328414	GK;DBI;UBC;SCP2	203	KEGG_2021_Human
DNA replication	2/36	0.600906904705185	0.811957134650421	1.00201923587863	0.510343684742881	RPA3;POLD4	204	KEGG_2021_Human
Tyrosine metabolism	2/36	0.600906904705185	0.811957134650421	1.00201923587863	0.510343684742881	MIF;ADH5	204	KEGG_2021_Human
Hedgehog signaling pathway	3/56	0.607109154580845	0.81523325481983	0.964106588419939	0.481134189959299	CSNK1A1;BCL2;CCND2	206	KEGG_2021_Human
African trypanosomiasis	2/37	0.615951166370141	0.81523325481983	0.973338495289715	0.471667759545201	IL10;FAS	207	KEGG_2021_Human
Alanine, aspartate and glutamate metabolism	2/37	0.615951166370141	0.81523325481983	0.973338495289715	0.471667759545201	ADSL;GLUD1	207	KEGG_2021_Human
Nitrogen metabolism	1/17	0.62098995222738	0.81523325481983	1.06469990974729	0.507266026570386	GLUD1	209	KEGG_2021_Human
Phenylalanine metabolism	1/17	0.62098995222738	0.81523325481983	1.06469990974729	0.507266026570386	MIF	209	KEGG_2021_Human
Primary bile acid biosynthesis	1/17	0.62098995222738	0.81523325481983	1.06469990974729	0.507266026570386	SCP2	209	KEGG_2021_Human
Systemic lupus erythematosus	7/135	0.626409697017592	0.818469273933363	0.931126644736842	0.43553509691484	ACTN4;SNRPB;SNRPD3;SNRPD1;IL10;CD28;CD40LG	212	KEGG_2021_Human
Phosphatidylinositol signaling system	5/97	0.630140072787149	0.819477935033053	0.92543911468179	0.427379949494009	CALM2;CALM3;CALM1;DGKA;INPP4B	213	KEGG_2021_Human
Various types of N-glycan biosynthesis	2/39	0.644723570688129	0.834525369535569	0.920627945018189	0.404094562680428	DDOST;DAD1	214	KEGG_2021_Human
MicroRNAs in cancer	16/310	0.652600299213608	0.84079201340544	0.925966727038482	0.395193743458309	HNRNPK;EZR;SOX4;STMN1;RHOA;SOCS1;STAT3;CD44;CDKN1B;UBE2I;BCL2L11;CCND2;PIM1;CDK6;BCL2;DDIT4	215	KEGG_2021_Human
Glycine, serine and threonine metabolism	2/40	0.65845767814716	0.842822712042508	0.896353349498407	0.374545755702275	PGAM1;SHMT2	216	KEGG_2021_Human
AMPK signaling pathway	6/120	0.660261835787813	0.842822712042508	0.895977477692418	0.371937096929257	PPP2R1A;PFKFB3;ELAVL1;RAB11B;PPP2CA;PFKL	217	KEGG_2021_Human
Homologous recombination	2/41	0.671762705017574	0.853570042614073	0.873323605030922	0.347451899622053	RPA3;POLD4	218	KEGG_2021_Human
Steroid biosynthesis	1/20	0.680657530653857	0.860922995393235	0.896446893406802	0.344859526190123	FDFT1	219	KEGG_2021_Human
Axon guidance	9/182	0.685101303802041	0.862604823423479	0.885244351024698	0.334789288922534	MYL12B;PAK2;CFL1;MYL12A;RHOA;CDC42;ITGB1;RAC1;RAC2	220	KEGG_2021_Human
Toll-like receptor signaling pathway	5/104	0.690452948746138	0.865409352048326	0.859683794466403	0.318433281512887	MAP2K3;IFNAR2;NFKBIA;STAT1;RAC1	221	KEGG_2021_Human
Alcoholism	9/186	0.709477921244486	0.885249478309561	0.865053929121726	0.296908914772387	PPP1CA;CALM2;CALM3;CALM1;GNG2;PPP1CC;GNG5;GNG8;GNB2	222	KEGG_2021_Human
Arginine biosynthesis	1/22	0.715125049180728	0.888294343601174	0.810985043837029	0.271921547761419	GLUD1	223	KEGG_2021_Human
Drug metabolism	5/108	0.721752332896706	0.892524090233873	0.826122133108203	0.269376310802167	DUT;GSTK1;HPRT1;ADH5;NME3	224	KEGG_2021_Human
Renin-angiotensin system	1/23	0.730938760285873	0.899866829329719	0.774081063340991	0.242616820178455	CTSA	225	KEGG_2021_Human
GABAergic synapse	4/89	0.734290231189862	0.899992893980495	0.800894330582912	0.247356949366711	GNG2;GNG5;GNG8;GNB2	226	KEGG_2021_Human
Renin secretion	3/69	0.744063113458585	0.904550501196734	0.773672530001644	0.228720359635021	CALM2;CALM3;CALM1	227	KEGG_2021_Human
Vitamin digestion and absorption	1/24	0.745875383144308	0.904550501196734	0.740386124627217	0.217078797678928	LMBRD1	228	KEGG_2021_Human
Amino sugar and nucleotide sugar metabolism	2/48	0.753410256515255	0.904550501196734	0.740151604414595	0.209570500020069	GPI;UGP2	229	KEGG_2021_Human
Valine, leucine and isoleucine degradation	2/48	0.753410256515255	0.904550501196734	0.740151604414595	0.209570500020069	ECHS1;HSD17B10	229	KEGG_2021_Human
mTOR signaling pathway	7/154	0.756638383648734	0.904550501196734	0.809955924293492	0.225872276027002	RHOA;SLC7A5;SLC3A2;EIF4E;ATP6V1G1;DDIT4;LAMTOR5	231	KEGG_2021_Human
Cholinergic synapse	5/113	0.757601863818203	0.904550501196734	0.787666062801932	0.218653954181313	GNG2;GNG5;GNG8;GNB2;BCL2	232	KEGG_2021_Human
Ether lipid metabolism	2/49	0.763523965198811	0.905613930840999	0.724365257836976	0.195441545234718	PAFAH1B3;LPCAT4	233	KEGG_2021_Human
Salivary secretion	4/93	0.765031262876512	0.905613930840999	0.764736387208297	0.204825907630644	CALM2;CALM3;CALM1;ATP2B4	234	KEGG_2021_Human
N-Glycan biosynthesis	2/50	0.773275516494499	0.911477949229686	0.70923667570009	0.182358841102356	DDOST;DAD1	235	KEGG_2021_Human
Growth hormone synthesis, secretion and action	5/119	0.795904601532362	0.922718859381507	0.745971586575134	0.170287370838827	MAP2K3;SOCS3;SOCS1;STAT1;STAT3	236	KEGG_2021_Human
Butanoate metabolism	1/28	0.797783611956959	0.922718859381507	0.630565583634176	0.14245604065317	ECHS1	237	KEGG_2021_Human
Aldosterone synthesis and secretion	4/98	0.799467603796252	0.922718859381507	0.723866371425821	0.162008002797644	CALM2;CALM3;CALM1;ATP2B4	238	KEGG_2021_Human
Choline metabolism in cancer	4/98	0.799467603796252	0.922718859381507	0.723866371425821	0.162008002797644	DGKA;RALGDS;RAC1;RAC2	238	KEGG_2021_Human
Glycerophospholipid metabolism	4/98	0.799467603796252	0.922718859381507	0.723866371425821	0.162008002797644	DGKA;PTDSS1;LYPLA2;LPCAT4	238	KEGG_2021_Human
Melanogenesis	4/101	0.818095593447197	0.938157656878014	0.701366795727014	0.140817680659196	CALM2;CALM3;CALM1;LEF1	241	KEGG_2021_Human
beta-Alanine metabolism	1/30	0.819617880738193	0.938157656878014	0.587016058757625	0.116767500617938	ECHS1	242	KEGG_2021_Human
Pancreatic secretion	4/102	0.82397982071431	0.939269178345119	0.694173053836919	0.134398316546697	RHOA;RAP1A;ATP2B4;RAC1	243	KEGG_2021_Human
B cell receptor signaling pathway	3/81	0.833970008165588	0.944785855429887	0.654228682709695	0.118780345649738	NFKBIA;RAC1;RAC2	244	KEGG_2021_Human
Phospholipase D signaling pathway	6/148	0.835640919062535	0.944785855429887	0.718233243522787	0.128963289969086	DGKA;LPAR2;RHOA;ARF1;RALGDS;ARF6	245	KEGG_2021_Human
Long-term depression	2/60	0.8528855960489	0.95973466589047	0.58664299286671	0.0933524173283327	PPP2R1A;PPP2CA	246	KEGG_2021_Human
Pentose and glucuronate interconversions	1/34	0.856473394828138	0.95973466589047	0.515753199868723	0.0799066873281749	UGP2	247	KEGG_2021_Human
Glycerolipid metabolism	2/61	0.859257029389302	0.95973466589047	0.576669269517554	0.0874733366944136	GK;DGKA	248	KEGG_2021_Human
Nicotinate and nicotinamide metabolism	1/35	0.864445497659732	0.961652220288135	0.500557443193884	0.0729147114764146	NT5C	249	KEGG_2021_Human
Lysine degradation	2/63	0.871248052996874	0.963121765130698	0.557702844788011	0.0768673753391355	PHYKPL;ECHS1	250	KEGG_2021_Human
ECM-receptor interaction	3/88	0.872720444215903	0.963121765130698	0.600127645995107	0.0817013769402876	ITGA4;CD44;ITGB1	251	KEGG_2021_Human
Serotonergic synapse	4/113	0.878848014334685	0.966035317344079	0.623753580472415	0.0805535980870489	GNG2;GNG5;GNG8;GNB2	252	KEGG_2021_Human
Glutamatergic synapse	4/114	0.883011986594317	0.966775969512355	0.618050185109009	0.0768956430919143	GNG2;GNG5;GNG8;GNB2	253	KEGG_2021_Human
Staphylococcus aureus infection	3/95	0.90324308244659	0.976335353502488	0.554259375737086	0.0564034113944542	IL10;KRT10;SELPLG	254	KEGG_2021_Human
Signaling pathways regulating pluripotency of stem cells	5/143	0.903593615721414	0.976335353502488	0.615449747952111	0.0623915627240889	IL6ST;ID3;STAT3;JAK3;JAK1	255	KEGG_2021_Human
Tryptophan metabolism	1/42	0.909144994502876	0.976335353502488	0.41494232631857	0.0395235419048414	ECHS1	256	KEGG_2021_Human
Porphyrin and chlorophyll metabolism	1/43	0.914193506432744	0.976335353502488	0.405041258380609	0.0363374729402633	HMOX2	257	KEGG_2021_Human
Inositol phosphate metabolism	2/73	0.918249084760513	0.976335353502488	0.478898685700472	0.0408436363398444	TPI1;INPP4B	258	KEGG_2021_Human
Calcium signaling pathway	9/240	0.92078678839698	0.976335353502488	0.660920897284534	0.0545436666397845	CALM2;CALM3;CALM1;CYSLTR1;ATP2B4;VDAC3;VDAC2;VDAC1;GNA15	259	KEGG_2021_Human
ABC transporters	1/45	0.923465208005964	0.976335353502488	0.386589268132589	0.0307810702853459	TAP1	260	KEGG_2021_Human
Basal transcription factors	1/45	0.923465208005964	0.976335353502488	0.386589268132589	0.0307810702853459	CCNH	260	KEGG_2021_Human
Glycosphingolipid biosynthesis	1/45	0.923465208005964	0.976335353502488	0.386589268132589	0.0307810702853459	B3GNT2	260	KEGG_2021_Human
Metabolism of xenobiotics by cytochrome P450	2/76	0.928848310954592	0.978292707735445	0.459410630142337	0.0339090230712149	GSTK1;ADH5	263	KEGG_2021_Human
Cushing syndrome	5/155	0.935826620755804	0.981908992232416	0.565851449275362	0.0375301278713236	LEF1;AIP;CDK6;RAP1A;CDKN1B	264	KEGG_2021_Human
Arginine and proline metabolism	1/50	0.942497944351873	0.985177096548939	0.347049289029691	0.0205527936025945	SMS	265	KEGG_2021_Human
Complement and coagulation cascades	2/85	0.953377845129058	0.98630346267122	0.409399114071462	0.0195463407526303	CLU;CD59	266	KEGG_2021_Human
ErbB signaling pathway	2/85	0.953377845129058	0.98630346267122	0.409399114071462	0.0195463407526303	PAK2;CDKN1B	266	KEGG_2021_Human
Fanconi anemia pathway	1/54	0.954257501790206	0.98630346267122	0.320788774606634	0.0150198840880032	RPA3	268	KEGG_2021_Human
Notch signaling pathway	1/59	0.965637347969019	0.994355187313823	0.293056765840906	0.010247295838324	RBPJ	269	KEGG_2021_Human
Arachidonic acid metabolism	1/61	0.969353250698774	0.994484631272446	0.283258122743682	0.00881674380204855	PTGES3	270	KEGG_2021_Human
Progesterone-mediated oocyte maturation	2/100	0.977348149033475	0.995198513352645	0.346459450989068	0.00793819862458159	ANAPC11;HSP90AB1	271	KEGG_2021_Human
Retinol metabolism	1/68	0.979470134825613	0.995198513352645	0.253569696643138	0.00525993118915845	ADH5	272	KEGG_2021_Human
Chemical carcinogenesis	7/239	0.980827415686903	0.995198513352645	0.510877558044934	0.00988995696455578	GSTK1;PTGES3;STAT3;AIP;BCL2;KPNB1;HSP90AB1	273	KEGG_2021_Human
Gap junction	1/88	0.993470178672373	0.99999999645889	0.195070334868667	0.00127795138584194	TUBB	274	KEGG_2021_Human
Protein digestion and absorption	1/103	0.997236559641909	0.99999999645889	0.16625079634742	0.00046006012773326	SLC3A2	275	KEGG_2021_Human
Neuroactive ligand-receptor interaction	6/341	0.999889446388797	0.99999999645889	0.301311213650695	3.33128842287468e-05	LPAR2;NMB;P2RY10;CYSLTR1;S1PR4;NR3C1	276	KEGG_2021_Human
Olfactory transduction	3/440	0.99999999645889	0.99999999645889	0.114544754842527	4.05615585767061e-10	CALM2;CALM3;CALM1	277	KEGG_2021_Human
Myc Targets V1	68/200	1.3837965066841e-35	6.91898253342048e-34	9.28311937822024	745.115587166326	DUT;STARD7;CNBP;DEK;HSPE1;PSMC4;CLNS1A;SERBP1;HNRNPC;RAN;HNRNPR;PSMD7;PSMD8;SNRPD3;SNRPD1;XRCC6;RNPS1;HPRT1;PCBP1;PRDX3;PTGES3;LDHA;CCT4;CCT3;NPM1;RANBP1;PSMA6;PSMA7;HNRNPA2B1;PSMA2;NDUFAB1;PSMA1;SF3A1;COX5A;PSMB3;PSMB2;TUFM;ILF2;PPIA;SRSF3;SNRPG;SRSF7;NHP2;LSM2;LSM7;UBA2;ERH;G3BP1;CBX3;PA2G4;SLC25A3;YWHAE;YWHAQ;PGK1;EIF4H;EIF4E;KPNB1;EIF3J;VDAC3;VDAC1;EIF3D;HSP90AB1;HSPD1;PPM1G;SNRPB2;BUB3;HNRNPA3;HNRNPA1	1	MSigDB_Hallmark_2020
Oxidative Phosphorylation	56/200	1.09803771890814e-24	2.74509429727034e-23	6.92355175688509	381.962086517935	ECH1;BAX;UQCR10;UQCR11;COX8A;COX7A2L;PRDX3;DECR1;COX6C;GLUD1;GPI;COX7C;COX7B;ECHS1;MRPL34;LDHB;LDHA;ATP6V1G1;ATP6V0E1;MDH2;COX6B1;NDUFAB1;COX5A;COX5B;MDH1;SDHC;UQCRQ;ISCU;COX6A1;NDUFV2;COX17;COX7A2;GPX4;NDUFC1;NDUFS8;NDUFS7;NDUFS6;NDUFB8;SLC25A3;NDUFB4;NDUFB3;NDUFB2;NDUFB1;UQCRFS1;NDUFA7;NDUFA6;NDUFA4;NDUFA3;NDUFA2;NDUFA1;VDAC3;VDAC2;VDAC1;ACADVL;ETFB;HSD17B10	2	MSigDB_Hallmark_2020
Allograft Rejection	51/200	1.32282717427324e-20	2.20471195712207e-19	6.0633714365461	277.53221668639	CD2;CD4;CD7;IL2RG;IL27RA;PSMB10;B2M;GBP2;HLA-A;HLA-G;IL10;PTPRC;CD28;ITK;CD3G;CD3E;CD3D;SOCS1;NPM1;MAP4K1;STAT1;STAT4;HCLS1;CD40LG;CXCR3;TAP1;CXCL13;FAS;UBE2N;CSF1;CCND2;IL12RB1;CD96;IFNAR2;NCF4;ETS1;SIT1;EIF5A;SRGN;IRF4;BCL3;LCP2;CD247;LCK;IL2RA;EIF3J;IL2RB;LTB;EIF3D;TRAT1;CSK	3	MSigDB_Hallmark_2020
Interferon Gamma Response	47/200	1.50214395390656e-17	1.8776799423832e-16	5.42007311399136	209.957660513987	MX1;PSMB9;MTHFD2;UBE2L6;PSMB10;B2M;EPSTI1;GBP4;HLA-A;HLA-G;PSME2;PSME1;RNF213;IL10RA;BST2;RAPGEF6;BTG1;SOCS3;SOCS1;STAT1;STAT3;STAT4;PSMA2;PELI1;PSMB8;PSMB2;PTPN1;TAP1;FAS;LY6E;ARID5B;ISG15;ISG20;IFNAR2;SPPL2A;PIM1;IRF1;NFKBIA;IRF4;IRF9;LCP2;TNFAIP3;PDE4B;CASP1;IL2RB;MVP;SRI	4	MSigDB_Hallmark_2020
IL-2/STAT5 Signaling	43/199	8.9851985529121e-15	8.9851985529121e-14	4.84440395439457	156.683515206989	IL1R2;FLT3LG;GBP4;PRKCH;RABGAP1L;CDC42SE2;IKZF2;IL10;IL10RA;RHOH;BHLHE40;SOCS1;CTLA4;SNX9;ICOS;CD44;PHLDA1;BATF;CSF1;RGS16;CCND2;CISH;PRNP;TRAF1;BCL2L1;RORA;PIM1;TNFRSF9;TNFRSF4;GPX4;TNFRSF1B;IRF4;ITGAE;BCL2;PHTF2;SYNGR2;TNFRSF18;TIAM1;KLF6;IL2RA;IL2RB;LTB;GALM	5	MSigDB_Hallmark_2020
mTORC1 Signaling	38/200	2.06155714243265e-11	1.71796428536054e-10	4.10198153335408	100.929150745811	PPA1;HSPE1;CCT6A;MTHFD2;PSMC4;GLRX;HPRT1;NMT1;ENO1;PRDX1;TPI1;SLC7A5;BHLHE40;CALR;ALDOA;GPI;LDHA;CTSC;ELOVL5;NFYC;CACYBP;TCEA1;PDAP1;PPIA;SQSTM1;SLA;UBE2D3;MAP2K3;CORO1A;ACTR3;PSMD13;SHMT2;PGK1;PFKL;DDIT4;GAPDH;SEC11A;HSPD1	6	MSigDB_Hallmark_2020
Apoptosis	32/161	2.37335708031522e-10	1.69525505736801e-09	4.32139232579733	95.7687325974215	TAP1;CD2;FAS;BAX;SQSTM1;DAP3;LEF1;CLU;LMNA;BCL2L11;CCND2;GADD45A;ISG20;BCL2L1;BIRC3;LGALS3;PMAIP1;GPX4;CFLAR;IRF1;CYLD;BTG3;NEDD9;HMGB2;HSPB1;CASP1;SOD1;VDAC2;CD44;CDKN1B;GNA15;SPTAN1	7	MSigDB_Hallmark_2020
TNF-alpha Signaling via NF-kB	35/200	1.29967017666175e-09	8.12293860413592e-09	3.69849331301845	75.6754461088969	NINJ1;GADD45A;DUSP4;CCL20;BHLHE40;BTG3;BTG1;SOCS3;CD44;PHLDA1;TAP1;IL6ST;SQSTM1;CSF1;RELB;TANK;TGIF1;MAP2K3;TRAF1;NFKB2;GEM;BIRC3;PFKFB3;TNFRSF9;CFLAR;TNIP1;IRF1;NFKBIA;TNIP2;BCL3;TNFAIP8;TNFAIP3;DNAJB4;PDE4B;KLF6	8	MSigDB_Hallmark_2020
PI3K/AKT/mTOR  Signaling	24/105	2.23340164684567e-09	1.24077869269204e-08	5.13671274961598	102.321982486342	PPP1CA;SQSTM1;PFN1;UBE2N;SLA;UBE2D3;IL2RG;CFL1;MAP2K3;ARPC3;CSNK2B;PIN1;THEM4;AP2M1;ACTR3;CALR;YWHAB;ARF1;EIF4E;TIAM1;LCK;CDKN1B;ARHGDIA;RAC1	9	MSigDB_Hallmark_2020
DNA Repair	29/150	3.20843573339973e-09	1.60421786669987e-08	4.16536577900214	81.4640676168481	DUT;RBX1;VPS28;MPG;NT5C;HPRT1;COX17;ARL6IP1;DGUOK;MPC2;POLR3GL;GPX4;NME3;EDF1;PDE4B;ADRM1;RPA3;APRT;DDB2;NUDT21;DAD1;HCLS1;POLD4;POLR2C;POLR2E;POLR2G;POLR2I;POLR2J;POLR2K	10	MSigDB_Hallmark_2020
IL-6/JAK/STAT3 Signaling	21/87	7.89282172836795e-09	3.58764624016725e-08	5.50530581550802	102.714208984897	PTPN1;IL1R2;ITGA4;TNFRSF1B;IRF1;CXCL13;FAS;IRF9;IL6ST;CSF1;EBI3;IL2RG;SOCS3;SOCS1;IL12RB1;STAT1;STAT3;IL2RA;LTB;CD44;PIM1	11	MSigDB_Hallmark_2020
Interferon Alpha Response	22/97	1.20562386457008e-08	5.02343276904201e-08	5.07760809567617	92.5834993651472	MX1;TAP1;PSMB9;LY6E;CSF1;UBE2L6;B2M;GBP2;EPSTI1;GBP4;HLA-C;ISG15;ISG20;PSME2;PSME1;OAS1;BST2;ELF1;IRF1;IRF9;CASP1;PSMB8	12	MSigDB_Hallmark_2020
Reactive Oxygen Species Pathway	14/49	2.6023261288917e-07	1.00089466495834e-06	6.88803652968036	104.434274164928	GPX4;NDUFB4;GLRX;NDUFA6;PRNP;IPCEF1;SOD1;ATOX1;LAMTOR5;LSP1;TXN;PRDX2;PRDX1;HMOX2	13	MSigDB_Hallmark_2020
Hypoxia	30/200	6.45505813250525e-07	2.15168604416842e-06	3.06182194842719	43.6408574128575	MT1E;GLRX;UGP2;MIF;ENO1;RBPJ;PRDX5;TPI1;BHLHE40;ALDOA;GPI;BTG1;LDHA;CDKN1B;S100A4;ISG20;PFKFB3;ETS1;RORA;PIM1;MYH9;BCL2;TNFAIP3;PGK1;KLF6;PFKL;DDIT4;GAPDH;ZNF292;NR3C1	14	MSigDB_Hallmark_2020
Adipogenesis	30/200	6.45505813250525e-07	2.15168604416842e-06	3.06182194842719	43.6408574128575	ECH1;UQCR10;GHITM;UQCR11;COX8A;GADD45A;NMT1;PRDX3;SCP2;DECR1;ALDOA;COX7B;ECHS1;MDH2;NDUFAB1;SDHC;UQCRQ;UCP2;TANK;COX6A1;NABP1;DNAJC15;PFKFB3;UBC;G3BP2;PIM3;GPX4;SOD1;PFKL;ETFB	14	MSigDB_Hallmark_2020
Inflammatory Response	28/200	5.94795824303453e-06	1.85873695094829e-05	2.81894456037691	33.9188448524951	SLAMF1;IL10;CCL20;IL10RA;RHOG;BST2;EBI3;CXCR6;CD70;LY6E;CD82;CSF1;RGS16;RASGRP1;RGS1;TNFRSF9;TNFRSF1B;IRF1;NFKBIA;LCP2;PDE4B;ADRM1;LCK;KLF6;IL2RB;LTA;SRI;GNA15	16	MSigDB_Hallmark_2020
Androgen Response	18/100	8.68194152913616e-06	2.55351221445181e-05	3.78442243634169	44.1046633673802	UBE2I;FKBP5;HPGD;B2M;TMEM50A;XRCC5;XRCC6;ARID5B;INPP4B;MAF;MYL12A;SMS;PA2G4;CDK6;TNFAIP8;DBI;ELOVL5;ADRM1	17	MSigDB_Hallmark_2020
p53 Pathway	26/200	4.66678427494107e-05	0.000129632896526141	2.58244977234374	25.7533647192278	NINJ1;BAX;GADD45A;PLK3;BTG1;RPS27L;HINT1;LDHB;SOCS1;DDB2;TAP1;DEF6;FAS;MAPKAPK3;ISCU;S100A4;CD82;DGKA;RGS16;ZFP36L1;CCND2;SESN1;SLC3A2;CASP1;RALGDS;DDIT4	18	MSigDB_Hallmark_2020
Glycolysis	25/200	0.000122756545517736	0.000323043540836147	2.46652609383237	22.2118258546256	PSMC4;GLRX;UGP2;MIF;TSTA3;TXN;ENO1;ARPP19;STMN1;TPI1;ALDOA;LDHA;MDH2;PGAM1;CD44;MDH1;B3GAT3;SDHC;PPIA;ISG20;PGK1;SOD1;PKM;DDIT4;ZNF292	19	MSigDB_Hallmark_2020
Complement	24/200	0.000309192993073764	0.00077298248268441	2.35211562630917	19.0087280510111	PSMB9;CALM3;PFN1;CALM1;GNG2;SPOCK2;GATA3;LGALS3;PPP4C;RHOG;CTSC;CD40LG;CD59;CLU;GNB2;RASGRP1;PIM1;IRF1;LCP2;TNFAIP3;CASP1;ATOX1;LCK;USP15	20	MSigDB_Hallmark_2020
Protein Secretion	14/96	0.000811200785250371	0.00193143044107231	2.93268738166834	20.8719213061343	SCAMP3;TMX1;RER1;ANP32E;ERGIC3;COPE;ARF1;CLTA;CTSC;STAM;SOD1;RAB9A;ICA1;AP2M1	21	MSigDB_Hallmark_2020
UV Response Up	19/158	0.0012224932532349	0.00277839375735204	2.35158075374563	15.7717296089035	STARD3;PDAP1;TAP1;PSMC3;IL6ST;SQSTM1;AQP3;BCL2L11;BSG;HLA-F;RASGRP1;IRF1;NFKBIA;TMBIM6;ALDOA;BTG3;BTG1;CLTB;PPP1R2	22	MSigDB_Hallmark_2020
Unfolded Protein Response	15/113	0.00144114643229477	0.00313292702672776	2.62932321008842	17.2018642231212	YIF1A;MTHFD2;NHP2;NABP1;LSM4;PDIA6;SLC7A5;CALR;EIF4E;NPM1;YWHAZ;SPCS1;DDIT4;DCP2;SEC11A	23	MSigDB_Hallmark_2020
Fatty Acid Metabolism	18/158	0.00295938444353089	0.00616538425735602	2.20975513945266	12.866904751465	ECH1;SDHC;HPGD;UBE2L6;MIF;SMS;PSME1;DECR1;ALDOA;ECHS1;LDHA;YWHAH;ELOVL5;MDH2;ADSL;ACADVL;HSD17B10;MDH1	24	MSigDB_Hallmark_2020
E2F Targets	20/200	0.00786928695727	0.0151332441485962	1.90909090909091	9.24914038992022	DUT;DEK;MTHFD2;ANP32E;RAN;XRCC6;TMPO;STMN1;TUBB;CENPM;SLBP;RANBP1;RPA3;NUDT21;CDKN1B;SNRPB;PTTG1;PA2G4;HMGB2;RAD21	25	MSigDB_Hallmark_2020
KRAS Signaling Up	20/200	0.00786928695727	0.0151332441485962	1.90909090909091	9.24914038992022	GLRX;IL2RG;RABGAP1L;GADD45G;CCL20;IL10RA;WDR33;GYPC;MAP4K1;LAPTM5;PSMB8;RGS16;PRDM1;CCND2;TRAF1;BIRC3;ETS1;TNFRSF1B;TNFAIP3;TRIB2	25	MSigDB_Hallmark_2020
Pperoxisome	12/104	0.0124922639675966	0.023133822162216	2.23522650707463	9.79620585954518	ECH1;CNBP;FDPS;FIS1;GSTK1;PRDX5;PRDX1;SCP2;YWHAH;ELOVL5;SOD1;MVP	27	MSigDB_Hallmark_2020
Apical Junction	19/200	0.0156589545911156	0.0279624189127064	1.80186527446906	7.48983563452338	ACTN4;PFN1;MYL12B;ACTB;TIAL1;RHOF;PTPRC;ARHGEF6;CAP1;RAC2;TRAF1;LAYN;ARPC2;ACTG1;CNN2;MYH9;YWHAH;EVL;ITGB1	28	MSigDB_Hallmark_2020
Estrogen Response Late	18/200	0.0296049711862131	0.051043053769333	1.69600427070638	5.96961785680714	FDFT1;HPRT1;TSTA3;COX6C;SLC7A5;BTG3;ELOVL5;CD44;JAK1;BATF;IL6ST;FKBP5;CISH;ISG20;BCL2;ATP2B4;TIAM1;ETFB	29	MSigDB_Hallmark_2020
Cholesterol Homeostasis	8/74	0.0519230502214656	0.0865384170357759	2.07249607794567	6.13042777157921	ECH1;ETHE1;CLU;PMVK;FDFT1;FDPS;ACTG1;LGALS3	30	MSigDB_Hallmark_2020
TGF-beta Signaling	6/54	0.0772946961772558	0.124668864802025	2.13542611060743	5.46696831878458	RHOA;PPP1CA;ID3;UBE2D3;TGIF1;FKBP1A	31	MSigDB_Hallmark_2020
Mitotic Spindle	16/199	0.0872987753208115	0.132752942035266	1.49649783270589	3.6490885162232	ACTN4;STAU1;EZR;RHOF;RAPGEF6;NEDD9;ARF6;SPTAN1;BCL2L11;MYH9;YWHAE;CAPZB;TIAM1;CDC42;ARHGDIA;TLK1	32	MSigDB_Hallmark_2020
G2-M Checkpoint	16/200	0.0902720005839808	0.132752942035266	1.48828513465134	3.57921849957683	SNRPD1;TMPO;STMN1;SLC7A5;CDKN1B;PTTG1;HMGN2;NCL;G3BP1;DR1;HSPA8;BCL3;RAD21;ATRX;KPNB1;BUB3	33	MSigDB_Hallmark_2020
heme Metabolism	16/200	0.0902720005839808	0.132752942035266	1.48828513465134	3.57921849957683	OPTN;AQP3;BSG;PRDX2;TSPAN5;GYPC;HTATIP2;TCEA1;SLC25A38;LRP10;UCP2;RNF19A;MAP2K3;ACP5;USP15;NR3C1	33	MSigDB_Hallmark_2020
Apical Surface	5/44	0.0949004452778735	0.135572064682676	2.18924191750279	5.15550464120204	IL2RB;MAL;IL2RG;GATA3;HSPB1	35	MSigDB_Hallmark_2020
Estrogen Response Early	15/200	0.145235313986926	0.201715713870731	1.38638272641929	2.67488682803573	AQP3;FDFT1;SLC7A5;BHLHE40;ELOVL5;CD44;IL6ST;FKBP5;CISH;RASGRP1;PMAIP1;ELF1;BCL2;MAST4;TIAM1	36	MSigDB_Hallmark_2020
Pancreas Beta Cells	4/40	0.179490332413508	0.242554503261498	1.89592760180995	3.25650957944564	SRP9;SPCS1;SEC11A;SRP14	37	MSigDB_Hallmark_2020
Myc Targets V2	5/58	0.217929422344381	0.286749239926817	1.6097552638775	2.45259739506881	CBX3;PA2G4;HSPE1;NPM1;HSPD1	38	MSigDB_Hallmark_2020
UV Response Dn	10/144	0.277330136067661	0.355551456497001	1.27368163730936	1.63355612409993	RUNX1;MT1E;INPP4B;BHLHE40;ATRX;ATP2B4;CDKN1B;SRI;ICA1;NR3C1	39	MSigDB_Hallmark_2020
Wnt-beta Catenin Signaling	3/42	0.414137547720052	0.514017925658659	1.31116984281541	1.15587110976423	LEF1;RBPJ;CCND2	40	MSigDB_Hallmark_2020
Epithelial Mesenchymal Transition	12/200	0.431775057553274	0.514017925658659	1.08824841443783	0.913966003782224	GADD45A;IL32;CD44;CD59;TPM4;FAS;PPIB;GEM;ACTA2;TNFAIP3;ITGB1;WIPF1	41	MSigDB_Hallmark_2020
Xenobiotic Metabolism	12/200	0.431775057553274	0.514017925658659	1.08824841443783	0.913966003782224	ECH1;NINJ1;PSMB10;HPRT1;NMT1;ARPP19;ADH5;PTGES3;ELOVL5;FAS;TMBIM6;SHMT2	41	MSigDB_Hallmark_2020
Notch Signaling	2/32	0.536331721519078	0.62364153665009	1.13586269196025	0.707645212591438	RBX1;SKP1	43	MSigDB_Hallmark_2020
Myogenesis	11/200	0.555140455472617	0.630841426673429	0.991326220834418	0.583429309303774	PTP4A3;BHLHE40;SPTAN1;TPM3;CLU;FDPS;PRNP;MYH9;SYNGR2;ITGB1;LSP1	44	MSigDB_Hallmark_2020
Bile Acid Metabolism	6/112	0.593370248963848	0.639262664579984	0.964008963547101	0.503151665826999	OPTN;GSTK1;PRDX5;SCP2;SOD1;LCK	45	MSigDB_Hallmark_2020
Hedgehog Signaling	2/36	0.600906904705185	0.639262664579984	1.00201923587863	0.510343684742881	CDK6;MYH9	46	MSigDB_Hallmark_2020
Angiogenesis	2/36	0.600906904705185	0.639262664579984	1.00201923587863	0.510343684742881	S100A4;CCND2	46	MSigDB_Hallmark_2020
Coagulation	5/138	0.886445544522537	0.923380775544309	0.638757219134794	0.0769929737100819	ISCU;CLU;GNB2;WDR1;RAC1	48	MSigDB_Hallmark_2020
Spermatogenesis	2/135	0.996044975647183	0.999133571782446	0.254810467904178	0.00100977977659321	PEBP1;VDAC3	49	MSigDB_Hallmark_2020
KRAS Signaling Dn	3/200	0.999133571782446	0.999133571782446	0.25739620528543	0.000223112004582339	MX1;CD40LG;PDCD1	50	MSigDB_Hallmark_2020
